pages,ns_per_chase
1,1.750
2,1.750
3,1.722
4,1.729
5,1.767
6,1.722
7,1.738
8,1.719
9,7.991
10,9.892
11,7.985
12,8.118
13,8.167
14,8.262
15,8.100
16,8.052
17,8.039
18,8.028
19,8.092
20,8.233
21,8.087
22,8.091
23,8.062
24,8.038
25,8.000
26,8.022
27,8.327
28,8.113
29,8.149
30,8.239
31,8.043
32,7.992
33,7.990
34,7.990
35,7.990
36,7.991
37,7.989
38,8.033
39,7.991
40,7.990
41,7.992
42,7.990
43,8.283
44,7.991
45,8.091
46,7.116
47,7.220
48,6.986
49,6.986
50,6.987
51,6.987
52,6.986
53,7.057
54,6.207
55,6.382
56,6.205
57,6.303
58,6.374
59,6.203
60,14.133
61,14.309
62,14.312
63,14.604
64,14.311
65,14.310
66,14.513
67,14.308
68,14.309
69,14.308
70,14.310
71,14.311
72,13.604
73,11.709
74,11.708
75,11.708
76,11.870
77,11.709
78,11.709
79,11.899
80,11.707
81,11.711
82,10.523
83,10.078
84,9.976
85,9.977
86,9.976
87,9.975
88,9.976
89,10.404
90,9.977
91,9.976
92,10.351
93,9.977
94,9.975
95,8.876
96,8.646
97,7.083
98,7.082
99,8.750
100,8.638
101,8.639
102,8.857
103,8.638
104,8.639
105,8.639
106,8.638
107,8.639
108,8.349
109,7.802
110,7.699
111,7.700
112,7.699
113,7.700
114,7.923
115,7.700
116,7.700
117,7.699
118,7.781
119,7.699
120,7.700
121,7.602
122,7.083
123,7.083
124,7.084
125,7.082
126,7.212
127,7.083
128,7.154
129,7.083
130,7.084
131,6.697
132,6.684
133,6.685
134,6.620
135,6.620
136,6.619
137,6.619
138,6.682
139,6.620
140,6.548
141,6.241
142,6.267
143,6.723
144,6.241
145,6.241
146,6.241
147,6.241
148,6.351
149,6.240
150,6.241
151,6.294
152,6.241
153,5.984
154,5.927
155,5.948
156,5.928
157,6.028
158,5.928
159,5.975
160,5.927
161,5.927
162,5.735
163,5.735
164,5.689
165,5.734
166,5.731
167,5.689
168,5.727
169,5.689
170,5.689
171,5.538
172,5.532
173,5.490
174,5.528
175,5.491
176,5.491
177,5.510
178,5.534
179,5.554
180,5.306
181,5.306
182,5.306
183,5.369
184,5.530
185,5.306
186,5.343
187,5.365
188,5.439
189,5.115
190,5.141
191,5.559
192,5.184
193,5.115
194,5.344
195,5.238
196,5.148
197,5.115
198,5.249
199,5.147
200,5.167
201,5.053
202,5.062
203,5.020
204,5.063
205,5.020
206,5.019
207,5.120
208,5.034
209,4.912
210,4.983
211,4.852
212,4.934
213,5.220
214,4.957
215,5.133
216,5.178
217,4.876
218,4.881
219,4.906
220,4.881
221,4.890
222,4.852
223,4.852
224,4.923
225,4.950
226,4.943
227,4.851
228,4.920
229,4.994
230,4.879
231,4.999
232,4.868
233,5.163
234,4.936
235,4.924
236,4.985
237,4.966
238,4.937
239,5.128
240,5.184
241,4.932
242,4.969
243,4.926
244,4.983
245,4.943
246,4.966
247,4.953
248,4.851
249,4.901
250,4.981
251,4.852
252,4.973
253,5.189
254,4.968
255,4.931
256,4.937
257,5.051
258,5.038
259,5.072
260,5.097
261,5.153
262,5.178
263,5.201
264,5.216
265,5.303
266,5.316
267,5.357
268,5.400
269,5.372
270,5.744
271,5.489
272,5.449
273,5.534
274,5.609
275,5.613
276,5.772
277,5.663
278,5.697
279,5.705
280,5.761
281,5.772
282,5.837
283,5.863
284,5.961
285,5.950
286,6.092
287,5.951
288,6.033
289,6.216
290,6.252
291,6.058
292,6.138
293,6.186
294,6.317
295,6.240
296,6.229
297,6.247
298,6.265
299,6.308
300,6.337
301,6.362
302,6.442
303,6.394
304,6.512
305,6.501
306,6.836
307,6.909
308,6.954
309,7.255
310,7.267
311,7.383
312,7.132
313,7.580
314,7.556
315,7.369
316,7.827
317,7.023
318,6.835
319,6.835
320,6.919
321,7.008
322,7.273
323,8.459
324,8.138
325,8.041
326,8.167
327,8.129
328,8.156
329,8.101
330,8.058
331,8.581
332,8.077
333,8.048
334,8.037
335,8.278
336,8.082
337,8.167
338,8.095
339,8.159
340,8.114
341,8.190
342,8.095
343,8.090
344,8.166
345,8.066
346,8.229
347,8.196
348,8.128
349,8.063
350,8.101
351,8.251
352,8.154
353,8.101
354,8.145
355,8.069
356,8.331
357,8.091
358,8.405
359,8.201
360,8.104
361,8.123
362,8.082
363,8.125
364,8.047
365,8.242
366,8.098
367,8.387
368,8.107
369,8.191
370,8.250
371,8.029
372,9.383
373,8.139
374,8.239
375,8.259
376,8.070
377,8.628
378,8.392
379,8.093
380,8.391
381,8.090
382,8.238
383,8.436
384,8.313
385,8.047
386,8.110
387,8.129
388,8.066
389,8.067
390,8.194
391,8.273
392,8.010
393,8.110
394,8.130
395,8.153
396,8.109
397,8.093
398,8.127
399,8.095
400,8.405
401,8.259
402,8.128
403,8.053
404,8.110
405,8.162
406,8.272
407,8.373
408,8.289
409,8.149
410,8.214
411,8.089
412,8.200
413,8.069
414,8.046
415,8.336
416,8.150
417,8.254
418,8.081
419,8.083
420,8.197
421,8.106
422,8.136
423,8.096
424,8.215
425,8.154
426,8.135
427,8.120
428,8.143
429,8.179
430,8.347
431,8.137
432,8.208
433,8.313
434,8.141
435,8.065
436,9.157
437,8.339
438,8.252
439,8.117
440,8.156
441,9.207
442,8.120
443,8.351
444,8.349
445,8.088
446,8.090
447,8.194
448,8.244
449,8.081
450,8.048
451,8.241
452,8.346
453,8.143
454,8.185
455,9.092
456,8.210
457,8.105
458,8.363
459,8.126
460,8.129
461,8.100
462,8.310
463,8.159
464,9.378
465,8.277
466,8.265
467,8.204
468,8.092
469,8.335
470,8.088
471,9.410
472,8.088
473,8.118
474,8.194
475,8.139
476,9.252
477,8.137
478,8.397
479,9.331
480,8.139
481,8.195
482,8.151
483,8.143
484,8.299
485,8.106
486,8.128
487,8.104
488,8.175
489,8.207
490,8.335
491,8.269
492,8.103
493,8.172
494,8.149
495,8.138
496,8.396
497,8.196
498,8.138
499,8.162
500,9.009
501,8.090
502,8.094
503,8.343
504,9.057
505,8.930
506,8.954
507,8.209
508,9.869
509,8.456
510,8.988
511,8.089
512,8.205
513,8.187
514,8.998
515,8.274
516,8.422
517,8.129
518,8.202
519,8.140
520,8.119
521,8.317
522,8.188
523,8.188
524,8.088
525,9.988
526,8.150
527,8.241
528,9.214
529,8.307
530,8.146
531,8.116
532,8.362
533,9.246
534,8.409
535,8.192
536,8.120
537,9.053
538,8.237
539,9.028
540,9.278
541,9.543
542,8.240
543,8.267
544,9.212
545,8.255
546,8.223
547,8.188
548,9.134
549,9.269
550,8.263
551,8.326
552,8.198
553,8.141
554,8.953
555,10.010
556,9.949
557,8.258
558,8.102
559,8.181
560,9.054
561,8.146
562,8.941
563,9.077
564,9.033
565,8.317
566,9.033
567,10.765
568,8.208
569,8.239
570,10.252
571,8.874
572,8.208
573,8.953
574,9.019
575,10.038
576,8.181
577,9.000
578,8.955
579,9.390
580,10.725
581,8.957
582,8.124
583,9.722
584,10.504
585,9.111
586,9.771
587,8.165
588,8.906
589,9.784
590,8.314
591,8.832
592,8.163
593,9.044
594,8.433
595,8.877
596,10.219
597,9.839
598,8.324
599,10.755
600,8.904
601,10.053
602,8.358
603,10.188
604,9.150
605,8.148
606,8.388
607,8.955
608,9.082
609,9.751
610,9.176
611,8.111
612,9.007
613,8.979
614,8.888
615,9.190
616,8.923
617,9.834
618,9.990
619,9.254
620,9.008
621,8.923
622,9.866
623,9.900
624,9.989
625,9.036
626,9.083
627,8.870
628,8.867
629,8.285
630,9.127
631,9.923
632,9.669
633,9.118
634,10.165
635,8.462
636,8.633
637,7.763
638,7.789
639,9.104
640,9.664
641,9.663
642,9.487
643,8.013
644,8.795
645,8.681
646,8.716
647,7.769
648,9.304
649,9.617
650,8.050
651,7.700
652,8.003
653,6.928
654,9.787
655,7.631
656,6.978
657,9.330
658,8.391
659,11.240
660,11.237
661,10.264
662,9.084
663,10.088
664,9.415
665,8.166
666,10.379
667,10.970
668,8.702
669,7.664
670,7.625
671,8.443
672,7.750
673,10.272
674,10.220
675,10.426
676,29.649
677,54.477
678,20.325
679,10.485
680,21.893
681,14.696
682,13.234
683,14.821
684,12.599
685,11.497
686,12.866
687,12.735
688,12.420
689,13.603
690,14.285
691,13.030
692,11.438
693,13.266
694,12.286
695,9.613
696,13.386
697,10.533
698,13.304
699,10.720
700,11.701
701,14.648
702,13.997
703,35.112
704,12.608
705,11.622
706,10.029
707,9.754
708,10.891
709,14.202
710,12.796
711,12.135
712,14.308
713,12.955
714,10.450
715,9.365
716,11.100
717,12.576
718,12.997
719,101.153
720,28.997
721,9.721
722,15.197
723,11.639
724,10.673
725,12.541
726,11.327
727,13.185
728,11.132
729,12.517
730,9.294
731,10.142
732,9.108
733,10.764
734,10.462
735,9.071
736,11.125
737,11.216
738,10.082
739,9.239
740,10.800
741,11.110
742,9.673
743,10.001
744,10.215
745,10.422
746,8.331
747,11.837
748,11.494
749,13.657
750,12.933
751,12.659
752,9.876
753,11.165
754,11.943
755,13.472
756,11.388
757,12.578
758,11.599
759,11.508
760,12.657
761,12.161
762,12.645
763,9.453
764,11.349
765,12.561
766,12.367
767,14.405
768,12.095
769,11.297
770,13.335
771,11.585
772,13.030
773,12.270
774,10.712
775,10.344
776,13.638
777,12.930
778,12.241
779,12.568
780,13.233
781,11.247
782,12.376
783,12.671
784,13.265
785,14.513
786,13.435
787,14.176
788,13.690
789,12.077
790,12.023
791,12.917
792,11.236
793,13.643
794,16.196
795,12.519
796,13.690
797,14.054
798,12.482
799,15.990
800,12.681
801,13.867
802,16.077
803,13.352
804,13.376
805,12.467
806,13.094
807,14.586
808,13.237
809,14.062
810,14.130
811,12.463
812,13.977
813,14.350
814,15.121
815,16.597
816,14.054
817,16.127
818,13.654
819,13.703
820,14.853
821,13.051
822,15.619
823,12.699
824,12.627
825,15.741
826,13.483
827,14.206
828,14.584
829,15.515
830,15.925
831,12.854
832,14.347
833,14.097
834,14.353
835,16.660
836,14.751
837,15.620
838,15.836
839,15.033
840,14.652
841,16.827
842,13.202
843,15.496
844,16.156
845,16.706
846,14.823
847,17.284
848,12.525
849,14.668
850,15.451
851,16.465
852,15.722
853,14.249
854,15.816
855,16.223
856,15.563
857,15.027
858,17.034
859,15.826
860,16.622
861,17.394
862,14.432
863,15.356
864,18.633
865,16.237
866,13.989
867,18.390
868,18.099
869,16.091
870,16.501
871,16.190
872,15.469
873,16.847
874,16.012
875,17.091
876,15.386
877,15.036
878,17.760
879,16.655
880,16.259
881,17.115
882,18.748
883,16.059
884,15.583
885,17.411
886,15.223
887,15.621
888,17.230
889,16.276
890,15.769
891,15.987
892,14.641
893,17.691
894,17.813
895,21.150
896,20.920
897,19.907
898,18.195
899,20.332
900,18.981
901,17.966
902,17.141
903,17.118
904,15.859
905,15.559
906,12.382
907,13.390
908,11.859
909,13.729
910,13.933
911,16.519
912,15.649
913,12.556
914,13.304
915,12.350
916,12.022
917,15.202
918,13.119
919,14.602
920,16.209
921,15.257
922,16.533
923,16.024
924,14.816
925,15.069
926,18.872
927,16.424
928,12.994
929,14.812
930,14.921
931,15.587
932,15.534
933,14.322
934,14.806
935,14.339
936,16.420
937,18.183
938,18.505
939,15.368
940,15.007
941,13.808
942,18.567
943,14.910
944,14.481
945,13.692
946,14.374
947,18.465
948,16.069
949,17.401
950,16.823
951,18.584
952,20.092
953,21.311
954,19.627
955,19.887
956,19.439
957,20.385
958,21.554
959,18.950
960,19.984
961,20.744
962,24.434
963,18.633
964,19.232
965,21.746
966,19.812
967,21.319
968,21.100
969,19.014
970,20.425
971,22.055
972,20.763
973,19.655
974,22.318
975,22.390
976,21.004
977,21.579
978,20.396
979,20.831
980,20.454
981,19.287
982,22.067
983,21.461
984,21.431
985,20.381
986,20.700
987,20.910
988,23.266
989,22.729
990,20.755
991,22.105
992,19.524
993,20.891
994,21.754
995,21.632
996,23.742
997,22.988
998,22.123
999,21.868
1000,23.319
1001,22.547
1002,21.480
1003,22.433
1004,22.575
1005,20.660
1006,22.647
1007,24.251
1008,23.650
1009,23.602
1010,24.638
1011,23.139
1012,21.251
1013,23.728
1014,21.117
1015,22.819
1016,22.568
1017,21.496
1018,21.149
1019,24.113
1020,22.429
1021,24.785
1022,22.154
1023,23.949
1024,24.979
1025,22.497
1026,22.949
1027,23.187
1028,22.827
1029,21.535
1030,22.455
1031,22.870
1032,21.475
1033,22.674
1034,21.958
1035,22.247
1036,23.130
1037,20.877
1038,22.484
1039,21.794
1040,22.196
1041,21.274
1042,23.151
1043,22.896
1044,22.219
1045,21.111
1046,23.162
1047,21.149
1048,22.579
1049,22.212
1050,22.839
1051,23.281
1052,21.993
1053,22.340
1054,23.585
1055,21.398
1056,21.701
1057,23.418
1058,24.796
1059,25.734
1060,23.469
1061,21.895
1062,23.039
1063,24.788
1064,21.850
1065,24.541
1066,22.528
1067,23.736
1068,23.674
1069,22.294
1070,22.809
1071,22.836
1072,21.431
1073,22.497
1074,23.932
1075,22.511
1076,25.452
1077,26.037
1078,24.180
1079,24.166
1080,23.752
1081,25.232
1082,23.358
1083,23.128
1084,24.418
1085,24.818
1086,23.368
1087,23.866
1088,24.528
1089,24.116
1090,24.005
1091,24.304
1092,23.502
1093,22.575
1094,24.938
1095,26.083
1096,26.011
1097,24.206
1098,24.738
1099,24.890
1100,25.609
1101,23.884
1102,24.357
1103,27.622
1104,25.016
1105,23.373
1106,25.010
1107,25.538
1108,25.972
1109,26.844
1110,24.885
1111,25.189
1112,24.090
1113,24.079
1114,24.798
1115,24.382
1116,27.219
1117,25.726
1118,24.920
1119,26.584
1120,25.166
1121,26.800
1122,23.540
1123,25.581
1124,24.594
1125,24.573
1126,26.207
1127,27.043
1128,27.465
1129,26.635
1130,26.160
1131,25.463
1132,27.349
1133,27.746
1134,23.847
1135,27.207
1136,25.490
1137,26.191
1138,28.530
1139,25.464
1140,26.166
1141,24.791
1142,26.349
1143,27.061
1144,26.381
1145,27.433
1146,26.495
1147,27.942
1148,27.239
1149,27.030
1150,28.187
1151,27.374
1152,26.456
1153,27.267
1154,26.898
1155,26.945
1156,27.707
1157,28.927
1158,28.325
1159,28.148
1160,28.728
1161,27.947
1162,28.685
1163,28.225
1164,27.764
1165,27.130
1166,28.284
1167,26.907
1168,28.957
1169,28.497
1170,29.544
1171,31.275
1172,27.375
1173,28.997
1174,29.199
1175,28.794
1176,28.589
1177,31.168
1178,29.761
1179,28.549
1180,30.108
1181,30.288
1182,28.587
1183,28.329
1184,28.860
1185,30.928
1186,29.980
1187,30.197
1188,30.829
1189,29.890
1190,29.955
1191,28.886
1192,31.547
1193,30.265
1194,30.296
1195,29.972
1196,30.315
1197,30.332
1198,30.524
1199,31.064
1200,30.500
1201,30.232
1202,30.953
1203,31.691
1204,29.728
1205,29.287
1206,32.012
1207,31.427
1208,30.848
1209,29.898
1210,31.236
1211,31.802
1212,29.387
1213,31.180
1214,31.065
1215,31.501
1216,30.126
1217,30.993
1218,31.036
1219,31.109
1220,31.104
1221,30.019
1222,31.296
1223,30.928
1224,32.390
1225,31.541
1226,31.098
1227,32.500
1228,31.656
1229,29.817
1230,30.382
1231,30.977
1232,30.991
1233,30.228
1234,32.572
1235,32.208
1236,31.638
1237,30.624
1238,31.607
1239,31.313
1240,32.667
1241,30.704
1242,30.632
1243,30.664
1244,30.706
1245,32.487
1246,30.611
1247,30.660
1248,32.421
1249,31.714
1250,30.293
1251,32.208
1252,31.068
1253,31.908
1254,33.308
1255,31.670
1256,31.674
1257,31.719
1258,32.972
1259,30.767
1260,32.242
1261,31.855
1262,32.126
1263,32.790
1264,32.544
1265,32.242
1266,32.558
1267,31.028
1268,32.961
1269,32.524
1270,32.893
1271,32.636
1272,32.071
1273,32.989
1274,33.765
1275,32.773
1276,32.588
1277,31.083
1278,32.318
1279,33.512
1280,31.918
1281,32.085
1282,32.044
1283,32.429
1284,32.053
1285,33.447
1286,32.141
1287,32.480
1288,32.563
1289,34.736
1290,32.885
1291,30.940
1292,34.736
1293,31.102
1294,32.724
1295,32.981
1296,32.142
1297,32.614
1298,32.691
1299,30.999
1300,29.596
1301,30.160
1302,30.097
1303,30.141
1304,30.065
1305,29.564
1306,30.033
1307,29.809
1308,30.776
1309,29.817
1310,29.666
1311,30.716
1312,30.682
1313,30.253
1314,30.947
1315,30.683
1316,30.691
1317,30.937
1318,30.632
1319,31.007
1320,30.861
1321,32.217
1322,31.198
1323,29.853
1324,31.153
1325,32.101
1326,30.376
1327,31.247
1328,30.694
1329,30.713
1330,31.498
1331,31.254
1332,30.250
1333,30.984
1334,30.067
1335,30.578
1336,31.912
1337,31.658
1338,30.271
1339,30.168
1340,30.999
1341,30.957
1342,30.850
1343,32.266
1344,32.240
1345,31.369
1346,31.544
1347,29.668
1348,31.429
1349,31.617
1350,31.284
1351,31.374
1352,30.636
1353,31.396
1354,31.782
1355,31.974
1356,31.577
1357,32.008
1358,31.147
1359,31.732
1360,31.736
1361,31.152
1362,31.749
1363,31.392
1364,32.654
1365,31.961
1366,31.496
1367,31.119
1368,31.650
1369,31.498
1370,31.926
1371,30.936
1372,31.454
1373,31.480
1374,32.140
1375,31.977
1376,32.231
1377,31.803
1378,31.044
1379,31.208
1380,32.020
1381,31.338
1382,32.725
1383,31.223
1384,32.337
1385,31.375
1386,31.346
1387,31.249
1388,32.004
1389,31.563
1390,31.315
1391,31.652
1392,30.183
1393,31.818
1394,31.912
1395,31.251
1396,31.215
1397,32.097
1398,31.887
1399,32.317
1400,32.022
1401,32.230
1402,31.693
1403,32.922
1404,31.062
1405,31.578
1406,31.272
1407,32.092
1408,32.075
1409,31.705
1410,32.977
1411,32.587
1412,31.539
1413,32.351
1414,30.940
1415,31.460
1416,32.518
1417,31.079
1418,31.211
1419,32.130
1420,31.376
1421,31.395
1422,32.387
1423,31.551
1424,32.090
1425,33.181
1426,32.291
1427,31.071
1428,32.590
1429,32.240
1430,31.796
1431,31.811
1432,31.362
1433,31.998
1434,32.858
1435,32.577
1436,32.291
1437,32.910
1438,31.941
1439,31.366
1440,31.947
1441,31.114
1442,32.112
1443,32.221
1444,32.607
1445,32.733
1446,32.385
1447,33.588
1448,32.353
1449,33.238
1450,33.630
1451,32.986
1452,33.170
1453,33.535
1454,33.547
1455,33.590
1456,33.577
1457,33.006
1458,33.593
1459,33.518
1460,34.289
1461,33.996
1462,33.529
1463,33.179
1464,33.861
1465,33.637
1466,32.694
1467,33.343
1468,33.531
1469,33.531
1470,33.979
1471,33.635
1472,33.617
1473,33.338
1474,33.334
1475,33.407
1476,33.642
1477,33.295
1478,33.071
1479,33.364
1480,33.075
1481,32.653
1482,32.876
1483,32.730
1484,32.500
1485,32.516
1486,32.264
1487,32.547
1488,32.308
1489,33.169
1490,33.248
1491,32.311
1492,33.304
1493,33.083
1494,32.602
1495,32.842
1496,33.280
1497,32.784
1498,33.356
1499,33.104
1500,32.307
1501,33.146
1502,32.186
1503,32.949
1504,33.306
1505,32.319
1506,32.919
1507,32.600
1508,33.041
1509,32.308
1510,32.556
1511,32.005
1512,33.085
1513,32.786
1514,32.705
1515,33.295
1516,32.954
1517,33.663
1518,33.881
1519,33.675
1520,33.211
1521,33.895
1522,33.222
1523,33.158
1524,33.921
1525,32.929
1526,33.206
1527,31.887
1528,32.433
1529,32.646
1530,33.119
1531,33.377
1532,33.019
1533,32.424
1534,33.123
1535,32.527
1536,33.067
1537,32.778
1538,32.862
1539,33.274
1540,33.052
1541,32.595
1542,33.459
1543,33.617
1544,33.412
1545,32.931
1546,33.640
1547,33.159
1548,34.260
1549,33.074
1550,33.048
1551,33.601
1552,33.482
1553,33.303
1554,32.626
1555,32.608
1556,33.085
1557,33.159
1558,33.880
1559,33.164
1560,33.456
1561,33.235
1562,32.827
1563,33.589
1564,33.069
1565,33.192
1566,33.777
1567,33.282
1568,32.880
1569,33.290
1570,32.364
1571,32.976
1572,33.182
1573,33.012
1574,32.986
1575,32.463
1576,33.643
1577,32.589
1578,33.867
1579,33.121
1580,33.337
1581,32.911
1582,33.305
1583,32.588
1584,33.834
1585,33.767
1586,33.153
1587,32.806
1588,33.477
1589,33.368
1590,33.333
1591,33.608
1592,33.269
1593,33.429
1594,33.434
1595,33.410
1596,32.626
1597,32.811
1598,33.056
1599,33.550
1600,32.597
1601,33.370
1602,33.368
1603,33.774
1604,34.367
1605,34.091
1606,34.006
1607,33.297
1608,33.339
1609,33.149
1610,32.897
1611,33.086
1612,33.352
1613,33.169
1614,33.775
1615,33.197
1616,33.624
1617,33.243
1618,33.019
1619,33.398
1620,33.155
1621,33.380
1622,33.300
1623,33.655
1624,33.549
1625,32.909
1626,33.078
1627,33.656
1628,33.419
1629,32.974
1630,35.777
1631,34.048
1632,33.572
1633,33.396
1634,32.521
1635,32.930
1636,32.957
1637,35.380
1638,36.407
1639,36.770
1640,36.024
1641,36.623
1642,36.500
1643,36.428
1644,36.251
1645,36.504
1646,36.512
1647,36.605
1648,36.240
1649,36.902
1650,36.231
1651,36.495
1652,36.522
1653,36.812
1654,36.504
1655,36.417
1656,36.204
1657,36.735
1658,36.173
1659,36.220
1660,36.540
1661,36.261
1662,36.042
1663,36.829
1664,36.531
1665,36.521
1666,36.893
1667,36.903
1668,36.947
1669,36.814
1670,36.240
1671,36.566
1672,36.644
1673,36.839
1674,36.230
1675,36.564
1676,36.583
1677,37.033
1678,36.957
1679,36.940
1680,36.357
1681,36.850
1682,36.201
1683,36.501
1684,35.934
1685,36.729
1686,36.386
1687,36.585
1688,36.780
1689,36.489
1690,36.774
1691,36.692
1692,37.212
1693,36.771
1694,36.892
1695,36.372
1696,36.540
1697,36.552
1698,36.868
1699,36.798
1700,36.842
1701,36.852
1702,36.458
1703,36.240
1704,36.346
1705,36.846
1706,36.296
1707,36.877
1708,36.254
1709,36.925
1710,36.662
1711,36.554
1712,36.853
1713,36.844
1714,36.683
1715,36.516
1716,36.885
1717,36.077
1718,36.312
1719,36.861
1720,36.545
1721,36.898
1722,36.294
1723,36.578
1724,36.575
1725,36.248
1726,34.879
1727,33.506
1728,33.125
1729,33.619
1730,33.339
1731,33.690
1732,32.979
1733,33.365
1734,33.531
1735,33.020
1736,33.568
1737,33.574
1738,33.071
1739,33.151
1740,34.059
1741,36.732
1742,36.560
1743,36.479
1744,34.365
1745,33.906
1746,33.371
1747,33.463
1748,33.634
1749,33.424
1750,33.645
1751,33.090
1752,33.606
1753,33.352
1754,33.411
1755,33.816
1756,33.599
1757,33.600
1758,33.552
1759,33.650
1760,33.724
1761,33.342
1762,33.338
1763,33.394
1764,33.394
1765,33.715
1766,33.636
1767,33.567
1768,33.074
1769,33.202
1770,33.340
1771,33.601
1772,34.191
1773,33.663
1774,33.559
1775,33.979
1776,33.348
1777,33.681
1778,33.419
1779,33.390
1780,33.621
1781,33.216
1782,33.606
1783,33.373
1784,33.567
1785,33.404
1786,33.548
1787,33.573
1788,33.533
1789,33.638
1790,33.403
1791,33.666
1792,33.649
1793,33.430
1794,33.581
1795,33.162
1796,33.357
1797,33.636
1798,33.568
1799,33.328
1800,33.600
1801,33.621
1802,33.905
1803,34.015
1804,33.916
1805,33.361
1806,33.521
1807,33.231
1808,33.378
1809,33.362
1810,33.120
1811,33.556
1812,33.420
1813,33.424
1814,33.602
1815,33.631
1816,33.461
1817,33.621
1818,33.607
1819,33.595
1820,33.656
1821,33.618
1822,35.080
1823,37.069
1824,36.370
1825,37.090
1826,36.851
1827,36.801
1828,36.797
1829,36.808
1830,36.760
1831,36.915
1832,36.782
1833,36.820
1834,36.783
1835,36.763
1836,36.814
1837,36.761
1838,36.816
1839,36.864
1840,36.765
1841,37.075
1842,37.295
1843,36.943
1844,37.475
1845,37.330
1846,37.525
1847,37.643
1848,37.683
1849,37.309
1850,37.004
1851,37.395
1852,37.748
1853,37.719
1854,37.313
1855,37.073
1856,37.136
1857,36.948
1858,35.557
1859,33.801
1860,33.900
1861,34.940
1862,36.739
1863,36.897
1864,37.192
1865,36.785
1866,36.899
1867,36.682
1868,36.904
1869,36.788
1870,36.454
1871,36.843
1872,35.735
1873,33.689
1874,33.458
1875,33.626
1876,33.599
1877,33.633
1878,33.563
1879,33.247
1880,33.644
1881,33.591
1882,33.600
1883,33.677
1884,33.399
1885,33.416
1886,33.566
1887,33.631
1888,33.499
1889,33.533
1890,33.936
1891,33.945
1892,33.559
1893,33.811
1894,33.648
1895,33.710
1896,33.961
1897,33.381
1898,33.616
1899,33.621
1900,33.556
1901,33.616
1902,33.779
1903,33.563
1904,33.606
1905,33.960
1906,33.621
1907,33.667
1908,34.191
1909,33.873
1910,33.402
1911,33.697
1912,33.501
1913,33.607
1914,33.553
1915,33.535
1916,33.580
1917,33.379
1918,33.566
1919,33.569
1920,33.667
1921,33.567
1922,33.566
1923,33.490
1924,33.302
1925,33.653
1926,33.583
1927,33.611
1928,33.554
1929,33.641
1930,33.583
1931,33.641
1932,33.589
1933,33.613
1934,33.940
1935,33.822
1936,34.633
1937,36.976
1938,34.467
1939,34.231
1940,34.129
1941,34.002
1942,33.656
1943,33.788
1944,33.658
1945,33.546
1946,33.811
1947,33.699
1948,33.722
1949,33.725
1950,33.658
1951,33.681
1952,36.881
1953,36.739
1954,36.701
1955,36.764
1956,36.845
1957,36.512
1958,36.795
1959,36.895
1960,36.894
1961,36.787
1962,36.815
1963,36.781
1964,36.792
1965,36.806
1966,36.824
1967,36.965
1968,36.986
1969,36.851
1970,36.852
1971,36.852
1972,36.861
1973,36.819
1974,36.742
1975,37.019
1976,36.854
1977,36.914
1978,36.826
1979,36.846
1980,36.769
1981,36.840
1982,36.543
1983,36.839
1984,36.777
1985,36.804
1986,36.813
1987,36.749
1988,36.563
1989,36.845
1990,36.780
1991,36.877
1992,36.944
1993,37.043
1994,36.875
1995,36.847
1996,37.259
1997,36.781
1998,36.840
1999,36.853
2000,36.662
2001,36.872
2002,36.849
2003,36.771
2004,36.780
2005,36.787
2006,36.551
2007,36.790
2008,36.881
2009,36.602
2010,36.948
2011,36.861
2012,36.829
2013,36.832
2014,37.011
2015,36.780
2016,36.936
2017,36.866
2018,36.821
2019,36.784
2020,36.792
2021,36.766
2022,36.821
2023,36.746
2024,36.640
2025,36.511
2026,36.217
2027,35.650
2028,34.975
2029,33.631
2030,34.489
2031,33.672
2032,34.148
2033,33.676
2034,33.638
2035,33.716
2036,33.441
2037,33.633
2038,33.573
2039,33.625
2040,33.684
2041,33.546
2042,33.566
2043,33.634
2044,33.628
2045,33.567
2046,33.629
2047,33.623
2048,33.618
2049,34.703
2050,33.866
2051,33.673
2052,33.986
2053,33.720
2054,33.662
2055,33.561
2056,33.593
2057,33.590
2058,33.663
2059,33.574
2060,33.676
2061,33.916
2062,33.961
2063,33.552
2064,33.604
2065,33.698
2066,33.654
2067,34.091
2068,33.673
2069,33.638
2070,35.502
2071,36.785
2072,36.885
2073,36.797
2074,36.880
2075,36.932
2076,36.783
2077,36.845
2078,36.805
2079,36.818
2080,37.083
2081,36.723
2082,36.984
2083,36.738
2084,36.625
2085,36.843
2086,36.796
2087,36.829
2088,36.932
2089,36.983
2090,36.676
2091,36.819
2092,36.745
2093,36.863
2094,37.124
2095,36.878
2096,36.840
2097,36.792
2098,36.872
2099,36.801
2100,36.842
2101,36.760
2102,36.808
2103,36.824
2104,36.836
2105,36.866
2106,36.887
2107,36.830
2108,36.810
2109,36.876
2110,36.831
2111,37.049
2112,36.913
2113,36.867
2114,36.860
2115,36.768
2116,36.842
2117,36.808
2118,36.810
2119,36.788
2120,36.837
2121,36.770
2122,36.832
2123,36.773
2124,36.856
2125,36.527
2126,36.801
2127,36.832
2128,36.994
2129,37.111
2130,36.803
2131,36.979
2132,36.703
2133,36.820
2134,36.745
2135,36.789
2136,36.762
2137,36.755
2138,36.923
2139,36.934
2140,37.027
2141,36.817
2142,36.785
2143,36.831
2144,36.957
2145,36.802
2146,36.841
2147,36.812
2148,36.770
2149,36.829
2150,36.840
2151,36.784
2152,36.884
2153,36.935
2154,36.897
2155,36.891
2156,36.847
2157,36.817
2158,36.767
2159,36.869
2160,36.834
2161,36.834
2162,36.898
2163,36.790
2164,36.792
2165,37.123
2166,36.789
2167,36.917
2168,36.815
2169,36.830
2170,36.768
2171,36.877
2172,36.879
2173,36.945
2174,36.876
2175,36.807
2176,36.781
2177,36.730
2178,36.906
2179,36.862
2180,36.815
2181,36.802
2182,36.785
2183,36.937
2184,36.831
2185,36.926
2186,36.820
2187,36.898
2188,37.005
2189,36.857
2190,36.990
2191,36.776
2192,36.944
2193,36.784
2194,36.861
2195,36.869
2196,36.810
2197,36.840
2198,36.771
2199,36.778
2200,37.155
2201,36.832
2202,36.947
2203,36.988
2204,36.869
2205,36.859
2206,37.043
2207,36.836
2208,36.891
2209,36.886
2210,36.901
2211,36.880
2212,36.749
2213,36.797
2214,36.784
2215,36.868
2216,36.828
2217,36.831
2218,37.023
2219,36.902
2220,36.819
2221,36.787
2222,36.799
2223,36.939
2224,36.835
2225,36.903
2226,36.907
2227,37.040
2228,36.901
2229,36.875
2230,36.889
2231,36.819
2232,36.834
2233,36.921
2234,37.030
2235,36.800
2236,37.071
2237,36.811
2238,36.868
2239,36.788
2240,36.770
2241,36.863
2242,36.779
2243,36.805
2244,35.076
2245,33.665
2246,33.783
2247,33.713
2248,33.590
2249,33.554
2250,33.634
2251,33.628
2252,33.622
2253,33.579
2254,33.543
2255,33.604
2256,33.597
2257,34.360
2258,33.662
2259,33.763
2260,33.697
2261,33.541
2262,33.583
2263,33.593
2264,33.556
2265,33.638
2266,33.627
2267,33.594
2268,34.101
2269,33.869
2270,33.659
2271,33.781
2272,33.561
2273,33.702
2274,33.607
2275,33.655
2276,33.612
2277,33.828
2278,33.717
2279,33.578
2280,33.575
2281,33.670
2282,33.589
2283,34.084
2284,33.637
2285,33.673
2286,33.638
2287,33.623
2288,33.601
2289,33.605
2290,33.571
2291,33.622
2292,33.613
2293,33.554
2294,33.612
2295,33.962
2296,33.749
2297,33.651
2298,33.637
2299,33.576
2300,33.572
2301,33.518
2302,33.629
2303,33.578
2304,33.598
2305,34.236
2306,33.785
2307,33.627
2308,33.638
2309,33.547
2310,33.634
2311,33.672
2312,33.599
2313,33.613
2314,33.584
2315,33.557
2316,33.581
2317,33.568
2318,33.653
2319,33.824
2320,33.711
2321,33.636
2322,33.763
2323,33.709
2324,33.990
2325,33.999
2326,33.589
2327,33.740
2328,33.640
2329,33.587
2330,33.595
2331,33.630
2332,33.630
2333,33.615
2334,33.515
2335,33.667
2336,34.151
2337,33.769
2338,33.700
2339,33.720
2340,33.676
2341,33.639
2342,33.497
2343,33.601
2344,33.544
2345,33.573
2346,34.258
2347,33.768
2348,33.928
2349,33.573
2350,33.619
2351,34.063
2352,33.712
2353,33.745
2354,33.556
2355,33.631
2356,33.539
2357,33.692
2358,33.581
2359,33.797
2360,33.860
2361,33.757
2362,33.619
2363,33.707
2364,33.617
2365,33.552
2366,33.596
2367,34.064
2368,33.631
2369,33.716
2370,33.631
2371,33.571
2372,33.593
2373,33.559
2374,33.634
2375,33.577
2376,33.696
2377,33.619
2378,33.595
2379,33.584
2380,33.601
2381,39.375
2382,34.053
2383,34.026
2384,33.683
2385,33.522
2386,33.503
2387,33.494
2388,33.519
2389,33.501
2390,33.539
2391,33.480
2392,33.926
2393,33.504
2394,33.492
2395,33.567
2396,33.560
2397,33.517
2398,33.623
2399,33.483
2400,33.623
2401,33.505
2402,33.483
2403,33.449
2404,34.202
2405,37.024
2406,36.830
2407,36.887
2408,36.791
2409,36.856
2410,36.847
2411,36.962
2412,37.145
2413,33.988
2414,33.804
2415,33.609
2416,33.629
2417,33.612
2418,33.592
2419,33.712
2420,33.617
2421,33.523
2422,33.637
2423,33.539
2424,33.709
2425,33.540
2426,34.192
2427,33.832
2428,33.727
2429,33.655
2430,33.502
2431,33.590
2432,33.588
2433,33.564
2434,33.578
2435,33.557
2436,33.650
2437,33.598
2438,33.686
2439,33.900
2440,36.148
2441,33.689
2442,33.973
2443,33.571
2444,33.649
2445,33.575
2446,33.595
2447,33.569
2448,33.572
2449,33.638
2450,33.609
2451,33.625
2452,33.525
2453,33.534
2454,33.533
2455,33.722
2456,35.174
2457,36.770
2458,36.946
2459,36.789
2460,36.929
2461,36.825
2462,36.856
2463,36.771
2464,36.778
2465,36.817
2466,36.820
2467,36.801
2468,36.878
2469,36.954
2470,36.849
2471,36.815
2472,36.776
2473,36.833
2474,36.810
2475,36.771
2476,36.764
2477,36.884
2478,36.893
2479,36.794
2480,36.789
2481,36.832
2482,36.810
2483,36.769
2484,37.008
2485,34.190
2486,34.263
2487,33.542
2488,33.545
2489,33.656
2490,33.714
2491,33.571
2492,34.091
2493,36.720
2494,33.874
2495,34.645
2496,37.020
2497,37.086
2498,36.964
2499,36.980
2500,36.967
2501,36.725
2502,36.793
2503,36.810
2504,36.785
2505,36.740
2506,36.774
2507,36.912
2508,36.734
2509,36.742
2510,36.949
2511,36.736
2512,36.758
2513,36.814
2514,36.854
2515,36.718
2516,36.702
2517,36.788
2518,36.796
2519,36.765
2520,33.701
2521,33.599
2522,33.577
2523,33.558
2524,33.508
2525,33.575
2526,33.502
2527,33.470
2528,33.545
2529,33.551
2530,33.490
2531,33.542
2532,33.639
2533,33.594
2534,33.490
2535,33.571
2536,33.537
2537,34.353
2538,36.895
2539,36.859
2540,36.817
2541,36.829
2542,36.970
2543,36.883
2544,37.036
2545,34.269
2546,33.635
2547,33.659
2548,33.647
2549,33.588
2550,33.607
2551,33.615
2552,33.611
2553,33.578
2554,34.119
2555,33.574
2556,33.994
2557,33.687
2558,33.623
2559,33.603
2560,33.577
2561,33.541
2562,33.643
2563,33.653
2564,33.582
2565,33.620
2566,33.576
2567,34.263
2568,33.559
2569,33.678
2570,33.642
2571,33.577
2572,35.321
2573,36.686
2574,34.127
2575,36.757
2576,36.865
2577,36.812
2578,36.773
2579,36.795
2580,36.785
2581,36.729
2582,36.850
2583,36.752
2584,33.876
2585,33.626
2586,33.604
2587,33.562
2588,33.541
2589,33.635
2590,33.529
2591,34.322
2592,36.977
2593,36.914
2594,36.759
2595,36.769
2596,36.888
2597,36.885
2598,36.862
2599,36.832
2600,36.770
2601,36.954
2602,36.835
2603,36.814
2604,36.942
2605,36.892
2606,36.849
2607,36.845
2608,36.819
2609,36.784
2610,36.811
2611,36.742
2612,36.871
2613,36.812
2614,36.821
2615,36.764
2616,36.945
2617,37.211
2618,37.134
2619,37.375
2620,37.115
2621,35.295
2622,37.003
2623,37.088
2624,36.856
2625,36.858
2626,36.826
2627,37.056
2628,37.198
2629,35.941
2630,33.937
2631,33.890
2632,33.949
2633,33.899
2634,34.290
2635,34.010
2636,34.225
2637,36.990
2638,36.973
2639,37.043
2640,37.169
2641,36.974
2642,37.036
2643,37.156
2644,37.056
2645,34.675
2646,33.895
2647,33.714
2648,33.599
2649,33.630
2650,33.563
2651,33.597
2652,33.603
2653,33.478
2654,33.473
2655,34.793
2656,35.984
2657,36.840
2658,36.759
2659,36.794
2660,36.969
2661,36.840
2662,36.705
2663,33.516
2664,33.757
2665,33.707
2666,34.105
2667,36.450
2668,37.416
2669,34.191
2670,33.873
2671,34.501
2672,34.119
2673,33.844
2674,36.355
2675,36.948
2676,36.864
2677,36.938
2678,38.050
2679,38.034
2680,37.778
2681,37.266
2682,34.305
2683,34.420
2684,33.938
2685,33.824
2686,37.529
2687,37.089
2688,37.034
2689,36.841
2690,36.904
2691,36.793
2692,36.922
2693,36.745
2694,36.735
2695,36.848
2696,36.762
2697,36.901
2698,36.768
2699,36.892
2700,36.893
2701,36.789
2702,36.810
2703,37.071
2704,36.731
2705,36.783
2706,36.855
2707,37.009
2708,36.815
2709,36.778
2710,36.811
2711,33.585
2712,33.629
2713,33.555
2714,33.587
2715,33.543
2716,33.606
2717,33.584
2718,33.662
2719,33.559
2720,33.642
2721,33.551
2722,33.518
2723,36.938
2724,36.927
2725,36.792
2726,36.805
2727,36.806
2728,36.810
2729,36.811
2730,36.848
2731,36.796
2732,36.758
2733,36.915
2734,36.937
2735,36.888
2736,36.865
2737,36.847
2738,36.824
2739,36.791
2740,36.775
2741,36.922
2742,36.769
2743,36.925
2744,35.597
2745,33.660
2746,33.696
2747,34.371
2748,33.648
2749,33.644
2750,36.255
2751,36.793
2752,36.907
2753,36.861
2754,36.750
2755,36.920
2756,36.866
2757,36.769
2758,36.838
2759,36.912
2760,36.898
2761,37.001
2762,33.927
2763,33.578
2764,33.638
2765,33.707
2766,33.744
2767,34.122
2768,33.597
2769,33.689
2770,33.655
2771,33.576
2772,33.840
2773,33.842
2774,33.944
2775,36.937
2776,36.940
2777,35.318
2778,33.696
2779,34.418
2780,33.701
2781,33.615
2782,34.493
2783,33.727
2784,33.745
2785,33.615
2786,37.165
2787,36.359
2788,36.023
2789,36.133
2790,36.630
2791,36.889
2792,37.083
2793,36.980
2794,36.841
2795,35.600
2796,33.653
2797,33.586
2798,33.565
2799,33.778
2800,33.943
2801,33.705
2802,33.641
2803,33.570
2804,33.585
2805,33.619
2806,33.591
2807,33.643
2808,33.614
2809,33.582
2810,34.166
2811,33.638
2812,33.610
2813,33.650
2814,33.595
2815,33.620
2816,33.594
2817,33.569
2818,33.630
2819,33.623
2820,33.587
2821,33.634
2822,33.640
2823,33.586
2824,33.605
2825,33.642
2826,33.635
2827,33.600
2828,33.620
2829,33.784
2830,33.722
2831,33.701
2832,33.643
2833,33.629
2834,33.583
2835,33.610
2836,33.617
2837,33.628
2838,33.614
2839,33.837
2840,33.700
2841,33.674
2842,33.584
2843,33.626
2844,33.633
2845,33.604
2846,33.639
2847,33.595
2848,33.595
2849,33.954
2850,33.578
2851,33.610
2852,33.485
2853,33.522
2854,33.526
2855,33.494
2856,33.543
2857,33.507
2858,33.509
2859,33.501
2860,33.614
2861,33.607
2862,33.480
2863,33.494
2864,33.550
2865,33.470
2866,33.522
2867,33.518
2868,33.575
2869,33.957
2870,33.552
2871,33.532
2872,33.585
2873,33.560
2874,33.511
2875,33.494
2876,33.580
2877,33.599
2878,33.576
2879,33.521
2880,33.537
2881,33.525
2882,33.579
2883,33.519
2884,33.468
2885,33.526
2886,33.519
2887,33.548
2888,33.701
2889,33.689
2890,33.661
2891,33.528
2892,33.488
2893,33.509
2894,33.541
2895,33.512
2896,33.536
2897,33.476
2898,33.904
2899,33.731
2900,33.617
2901,33.545
2902,33.485
2903,33.561
2904,33.570
2905,33.543
2906,33.565
2907,33.573
2908,33.584
2909,33.574
2910,33.588
2911,33.574
2912,33.557
2913,33.588
2914,33.527
2915,33.495
2916,33.527
2917,33.759
2918,33.712
2919,33.632
2920,33.511
2921,33.473
2922,33.585
2923,33.528
2924,33.543
2925,33.511
2926,33.547
2927,33.863
2928,33.543
2929,33.626
2930,33.527
2931,33.577
2932,33.563
2933,33.546
2934,33.502
2935,33.494
2936,33.525
2937,33.898
2938,33.578
2939,33.558
2940,33.480
2941,33.575
2942,33.525
2943,33.569
2944,33.664
2945,33.568
2946,33.520
2947,33.598
2948,33.600
2949,33.521
2950,33.548
2951,33.563
2952,33.473
2953,33.554
2954,33.536
2955,33.487
2956,33.912
2957,33.657
2958,33.639
2959,33.520
2960,33.548
2961,33.505
2962,33.507
2963,33.650
2964,33.516
2965,33.926
2966,33.548
2967,33.624
2968,33.533
2969,33.581
2970,33.573
2971,33.508
2972,33.501
2973,33.518
2974,33.496
2975,33.910
2976,33.669
2977,33.517
2978,33.548
2979,33.555
2980,33.495
2981,33.561
2982,33.614
2983,33.546
2984,33.586
2985,33.561
2986,33.579
2987,33.498
2988,33.574
2989,33.534
2990,33.489
2991,33.538
2992,33.530
2993,33.802
2994,33.714
2995,33.682
2996,33.509
2997,33.497
2998,33.555
2999,33.549
3000,33.502
3001,33.499
3002,33.539
3003,33.533
3004,33.561
3005,33.533
3006,33.562
3007,33.553
3008,33.508
3009,33.513
3010,33.555
3011,33.550
3012,34.263
3013,33.560
3014,33.632
3015,33.511
3016,33.569
3017,34.023
3018,33.552
3019,33.501
3020,33.544
3021,33.777
3022,33.673
3023,33.639
3024,33.532
3025,33.490
3026,33.521
3027,33.546
3028,33.536
3029,33.510
3030,33.527
3031,33.513
3032,33.594
3033,33.519
3034,33.508
3035,33.558
3036,33.479
3037,33.485
3038,33.562
3039,33.560
3040,33.906
3041,33.606
3042,33.593
3043,33.537
3044,33.695
3045,33.581
3046,33.525
3047,33.509
3048,33.864
3049,34.101
3050,33.926
3051,33.689
3052,33.732
3053,33.590
3054,33.551
3055,33.549
3056,33.546
3057,33.546
3058,33.561
3059,33.533
3060,33.559
3061,33.594
3062,33.551
3063,33.577
3064,33.519
3065,33.506
3066,33.532
3067,33.653
3068,33.632
3069,33.863
3070,33.613
3071,33.698
3072,33.543
3073,33.613
3074,33.587
3075,33.619
3076,34.001
3077,34.235
3078,33.701
3079,33.807
3080,33.800
3081,33.859
3082,33.877
3083,34.021
3084,33.967
3085,33.923
3086,34.060
3087,34.080
3088,34.090
3089,34.075
3090,34.115
3091,34.190
3092,34.243
3093,34.270
3094,34.344
3095,34.597
3096,34.580
3097,34.428
3098,34.430
3099,34.490
3100,36.059
3101,35.800
3102,34.959
3103,35.073
3104,35.310
3105,34.772
3106,35.246
3107,35.349
3108,35.385
3109,35.162
3110,35.145
3111,35.190
3112,35.576
3113,35.022
3114,35.030
3115,35.047
3116,35.109
3117,35.109
3118,35.187
3119,35.158
3120,35.235
3121,35.192
3122,35.260
3123,35.336
3124,35.380
3125,35.416
3126,35.449
3127,35.461
3128,35.447
3129,35.945
3130,35.557
3131,35.634
3132,35.636
3133,36.019
3134,35.983
3135,35.653
3136,35.753
3137,35.852
3138,36.155
3139,35.944
3140,35.983
3141,35.924
3142,35.953
3143,35.957
3144,36.108
3145,36.072
3146,36.134
3147,36.145
3148,36.186
3149,36.226
3150,36.242
3151,36.269
3152,36.274
3153,36.327
3154,36.582
3155,36.403
3156,36.538
3157,36.571
3158,36.702
3159,36.509
3160,36.479
3161,36.514
3162,36.604
3163,36.698
3164,36.644
3165,36.744
3166,36.669
3167,36.789
3168,36.753
3169,36.933
3170,36.870
3171,37.177
3172,36.988
3173,36.910
3174,37.003
3175,37.175
3176,37.052
3177,36.944
3178,37.180
3179,37.207
3180,37.108
3181,37.209
3182,37.156
3183,37.286
3184,37.393
3185,37.300
3186,37.334
3187,37.833
3188,37.485
3189,37.541
3190,37.538
3191,37.540
3192,37.597
3193,37.616
3194,37.649
3195,37.613
3196,37.608
3197,41.800
3198,37.840
3199,37.883
3200,37.784
3201,37.930
3202,38.098
3203,37.944
3204,37.907
3205,37.909
3206,38.094
3207,38.045
3208,38.026
3209,38.067
3210,38.411
3211,38.214
3212,38.195
3213,38.178
3214,38.282
3215,38.231
3216,38.330
3217,38.325
3218,38.646
3219,38.420
3220,38.434
3221,38.553
3222,38.449
3223,38.534
3224,38.487
3225,38.634
3226,38.565
3227,38.549
3228,38.595
3229,38.821
3230,38.715
3231,38.705
3232,38.672
3233,39.052
3234,38.899
3235,38.828
3236,39.167
3237,38.879
3238,38.940
3239,38.936
3240,39.053
3241,40.998
3242,40.932
3243,40.953
3244,40.950
3245,40.906
3246,40.995
3247,41.093
3248,41.244
3249,41.058
3250,41.135
3251,41.383
3252,41.746
3253,41.399
3254,41.514
3255,41.413
3256,41.335
3257,41.271
3258,41.177
3259,41.287
3260,41.275
3261,41.308
3262,41.341
3263,41.333
3264,41.371
3265,41.451
3266,41.459
3267,41.421
3268,41.570
3269,41.882
3270,41.715
3271,41.588
3272,41.600
3273,41.597
3274,41.621
3275,41.666
3276,41.951
3277,41.757
3278,41.752
3279,41.770
3280,41.710
3281,41.803
3282,41.817
3283,42.098
3284,41.890
3285,41.858
3286,42.018
3287,41.897
3288,41.900
3289,41.925
3290,42.015
3291,41.982
3292,41.970
3293,42.110
3294,42.043
3295,42.048
3296,42.121
3297,42.396
3298,42.248
3299,42.195
3300,42.255
3301,42.187
3302,42.216
3303,42.404
3304,42.245
3305,42.381
3306,42.355
3307,42.286
3308,42.329
3309,42.429
3310,42.461
3311,42.448
3312,42.772
3313,42.424
3314,42.523
3315,42.650
3316,42.602
3317,42.738
3318,42.664
3319,42.654
3320,42.649
3321,42.593
3322,42.712
3323,42.782
3324,43.046
3325,42.813
3326,42.819
3327,42.800
3328,42.822
3329,42.798
3330,42.972
3331,43.000
3332,42.851
3333,42.908
3334,42.907
3335,42.822
3336,42.796
3337,42.746
3338,42.894
3339,42.882
3340,42.826
3341,42.866
3342,42.897
3343,42.906
3344,43.127
3345,42.896
3346,42.907
3347,42.777
3348,42.851
3349,42.865
3350,42.929
3351,42.848
3352,42.778
3353,42.848
3354,42.906
3355,42.909
3356,42.898
3357,43.223
3358,42.962
3359,42.878
3360,42.932
3361,42.829
3362,42.875
3363,42.843
3364,43.928
3365,45.556
3366,43.001
3367,42.898
3368,42.878
3369,42.825
3370,43.186
3371,42.903
3372,42.819
3373,42.931
3374,42.816
3375,42.792
3376,42.874
3377,42.866
3378,42.777
3379,42.772
3380,42.838
3381,42.882
3382,42.860
3383,43.180
3384,42.849
3385,42.902
3386,42.804
3387,42.870
3388,42.867
3389,42.913
3390,43.227
3391,42.919
3392,42.907
3393,42.906
3394,42.867
3395,42.785
3396,42.777
3397,42.792
3398,42.874
3399,42.867
3400,42.854
3401,42.834
3402,42.879
3403,43.678
3404,42.986
3405,42.889
3406,42.850
3407,42.862
3408,42.918
3409,43.041
3410,42.815
3411,42.930
3412,42.905
3413,42.781
3414,42.855
3415,42.868
3416,42.868
3417,42.850
3418,42.822
3419,42.872
3420,42.800
3421,42.833
3422,42.704
3423,41.512
3424,41.369
3425,41.442
3426,41.491
3427,41.339
3428,41.334
3429,41.698
3430,41.422
3431,41.503
3432,41.455
3433,41.483
3434,41.419
3435,41.375
3436,44.214
3437,42.599
3438,41.890
3439,41.737
3440,41.554
3441,42.001
3442,42.188
3443,42.034
3444,42.170
3445,42.039
3446,42.148
3447,42.029
3448,41.591
3449,41.820
3450,41.791
3451,42.189
3452,43.418
3453,42.350
3454,43.338
3455,44.310
3456,43.568
3457,43.453
3458,43.610
3459,43.499
3460,43.439
3461,43.380
3462,43.541
3463,43.225
3464,43.248
3465,43.350
3466,42.544
3467,46.152
3468,43.410
3469,41.843
3470,41.750
3471,41.699
3472,41.840
3473,41.758
3474,42.059
3475,43.230
3476,43.249
3477,44.150
3478,43.253
3479,43.193
3480,43.340
3481,43.401
3482,43.355
3483,43.214
3484,42.948
3485,42.910
3486,43.189
3487,43.234
3488,43.199
3489,43.090
3490,42.994
3491,43.032
3492,43.045
3493,42.991
3494,42.948
3495,42.947
3496,42.924
3497,42.902
3498,42.891
3499,42.879
3500,42.897
3501,42.933
3502,43.059
3503,43.163
3504,46.137
3505,42.823
3506,42.202
3507,42.931
3508,42.123
3509,42.669
3510,42.730
3511,51.409
3512,43.713
3513,41.957
3514,41.598
3515,41.691
3516,41.689
3517,44.241
3518,44.447
3519,44.749
3520,42.021
3521,41.614
3522,41.563
3523,41.574
3524,41.611
3525,41.528
3526,41.628
3527,42.036
3528,41.864
3529,41.889
3530,41.956
3531,41.623
3532,41.596
3533,41.482
3534,41.554
3535,41.627
3536,42.555
3537,41.650
3538,41.538
3539,41.633
3540,41.561
3541,41.623
3542,41.645
3543,41.752
3544,41.577
3545,41.575
3546,41.460
3547,41.603
3548,41.589
3549,41.576
3550,41.755
3551,41.575
3552,41.546
3553,41.704
3554,41.584
3555,41.731
3556,41.716
3557,41.670
3558,41.469
3559,41.381
3560,41.538
3561,41.458
3562,41.702
3563,41.627
3564,42.350
3565,43.939
3566,43.999
3567,43.791
3568,43.633
3569,43.689
3570,43.759
3571,43.837
3572,47.946
3573,43.994
3574,43.693
3575,43.125
3576,43.132
3577,43.190
3578,43.425
3579,42.763
3580,41.701
3581,41.807
3582,42.692
3583,41.972
3584,41.722
3585,41.855
3586,41.783
3587,42.516
3588,42.078
3589,42.187
3590,41.978
3591,59.961
3592,43.713
3593,43.958
3594,43.811
3595,43.564
3596,43.626
3597,47.649
3598,43.202
3599,43.160
3600,42.883
3601,42.872
3602,42.906
3603,42.902
3604,42.895
3605,43.187
3606,42.957
3607,42.856
3608,42.809
3609,42.943
3610,42.890
3611,43.048
3612,42.810
3613,43.054
3614,42.806
3615,42.847
3616,42.831
3617,43.126
3618,42.929
3619,42.943
3620,42.931
3621,42.900
3622,42.958
3623,43.276
3624,43.277
3625,43.079
3626,43.084
3627,42.897
3628,42.913
3629,43.027
3630,43.014
3631,42.960
3632,42.879
3633,43.011
3634,43.112
3635,42.159
3636,42.317
3637,42.005
3638,41.838
3639,41.935
3640,43.420
3641,47.911
3642,43.461
3643,43.065
3644,42.950
3645,43.011
3646,42.890
3647,43.043
3648,43.214
3649,43.010
3650,43.230
3651,43.638
3652,43.013
3653,42.934
3654,43.166
3655,43.034
3656,43.027
3657,42.987
3658,43.361
3659,42.895
3660,42.993
3661,42.935
3662,42.957
3663,43.026
3664,43.041
3665,42.951
3666,43.426
3667,42.996
3668,42.990
3669,43.083
3670,42.866
3671,43.371
3672,43.087
3673,43.024
3674,42.968
3675,42.837
3676,42.869
3677,42.996
3678,42.170
3679,41.550
3680,41.386
3681,41.387
3682,41.481
3683,41.395
3684,41.931
3685,41.640
3686,41.580
3687,41.359
3688,41.478
3689,41.397
3690,41.699
3691,41.479
3692,41.432
3693,41.505
3694,41.495
3695,41.393
3696,41.413
3697,41.421
3698,41.494
3699,41.418
3700,41.538
3701,41.489
3702,41.480
3703,41.809
3704,41.438
3705,41.490
3706,41.459
3707,41.520
3708,41.477
3709,41.812
3710,41.435
3711,41.500
3712,41.495
3713,41.509
3714,41.444
3715,41.447
3716,41.481
3717,41.435
3718,41.397
3719,44.439
3720,45.524
3721,45.556
3722,45.451
3723,45.272
3724,44.729
3725,42.935
3726,42.860
3727,42.876
3728,42.830
3729,42.792
3730,42.868
3731,42.930
3732,42.982
3733,43.115
3734,42.901
3735,42.943
3736,42.837
3737,42.829
3738,42.872
3739,42.947
3740,42.871
3741,42.823
3742,42.978
3743,42.875
3744,43.271
3745,42.996
3746,42.812
3747,42.940
3748,46.454
3749,43.454
3750,41.732
3751,41.471
3752,41.502
3753,41.374
3754,41.415
3755,41.451
3756,41.590
3757,41.429
3758,41.361
3759,41.455
3760,41.402
3761,41.415
3762,41.788
3763,41.519
3764,41.881
3765,41.530
3766,41.518
3767,41.414
3768,41.574
3769,41.531
3770,41.379
3771,41.508
3772,41.399
3773,41.405
3774,41.416
3775,41.510
3776,41.405
3777,41.419
3778,41.384
3779,41.374
3780,41.568
3781,43.132
3782,42.889
3783,42.907
3784,42.994
3785,42.953
3786,43.121
3787,42.956
3788,42.939
3789,42.890
3790,42.848
3791,42.939
3792,42.884
3793,42.862
3794,42.870
3795,42.910
3796,42.837
3797,42.840
3798,43.321
3799,43.011
3800,42.858
3801,42.793
3802,42.872
3803,43.023
3804,43.065
3805,42.907
3806,42.865
3807,42.874
3808,42.922
3809,42.920
3810,42.807
3811,42.874
3812,42.905
3813,42.903
3814,42.864
3815,42.870
3816,43.160
3817,42.822
3818,42.941
3819,42.899
3820,43.009
3821,43.123
3822,42.916
3823,42.891
3824,43.009
3825,42.962
3826,42.878
3827,42.822
3828,42.905
3829,43.279
3830,42.894
3831,42.958
3832,42.831
3833,43.282
3834,42.944
3835,42.881
3836,42.873
3837,42.955
3838,42.861
3839,43.118
3840,42.875
3841,42.852
3842,42.839
3843,42.784
3844,42.857
3845,42.939
3846,42.839
3847,42.844
3848,42.829
3849,42.861
3850,43.389
3851,43.188
3852,43.092
3853,42.897
3854,42.851
3855,42.940
3856,42.879
3857,42.926
3858,42.874
3859,42.957
3860,42.906
3861,42.865
3862,43.203
3863,42.923
3864,42.926
3865,42.895
3866,42.864
3867,43.000
3868,42.882
3869,42.798
3870,42.812
3871,42.920
3872,42.852
3873,43.110
3874,42.920
3875,42.872
3876,42.862
3877,42.801
3878,42.877
3879,42.946
3880,42.938
3881,42.967
3882,42.845
3883,42.840
3884,42.838
3885,43.184
3886,42.828
3887,42.881
3888,42.820
3889,42.803
3890,43.050
3891,42.933
3892,42.830
3893,42.789
3894,42.854
3895,42.875
3896,42.865
3897,42.877
3898,42.797
3899,42.889
3900,42.828
3901,42.814
3902,43.124
3903,42.890
3904,42.807
3905,42.831
3906,42.868
3907,42.906
3908,42.853
3909,42.860
3910,42.834
3911,42.835
3912,42.902
3913,43.083
3914,42.841
3915,42.868
3916,42.955
3917,42.816
3918,42.802
3919,42.837
3920,42.882
3921,42.800
3922,42.800
3923,42.903
3924,43.076
3925,42.877
3926,42.813
3927,42.890
3928,44.113
3929,44.190
3930,42.892
3931,42.864
3932,42.822
3933,42.851
3934,42.868
3935,42.911
3936,43.197
3937,42.980
3938,43.052
3939,42.859
3940,42.831
3941,43.142
3942,42.922
3943,42.949
3944,42.827
3945,42.790
3946,42.906
3947,43.192
3948,43.035
3949,41.924
3950,43.656
3951,41.431
3952,41.536
3953,41.613
3954,41.456
3955,41.389
3956,41.472
3957,41.427
3958,41.592
3959,41.406
3960,41.436
3961,41.409
3962,41.378
3963,41.405
3964,41.522
3965,41.505
3966,41.411
3967,41.538
3968,41.430
3969,41.389
3970,41.712
3971,41.476
3972,41.513
3973,41.406
3974,41.476
3975,41.344
3976,41.369
3977,41.377
3978,41.455
3979,41.402
3980,41.335
3981,41.586
3982,41.589
3983,41.456
3984,41.363
3985,41.413
3986,41.345
3987,41.670
3988,41.373
3989,41.431
3990,41.417
3991,41.376
3992,41.361
3993,41.639
3994,41.518
3995,41.451
3996,41.392
3997,41.414
3998,41.435
3999,41.400
4000,41.371
4001,41.446
4002,41.455
4003,41.343
4004,41.562
4005,41.490
4006,41.332
4007,41.436
4008,41.432
4009,41.461
4010,41.415
4011,41.420
4012,41.370
4013,41.372
4014,41.418
4015,41.331
4016,41.687
4017,41.406
4018,41.388
4019,41.348
4020,41.423
4021,41.415
4022,43.016
4023,42.851
4024,42.870
4025,42.811
4026,42.785
4027,43.163
4028,42.917
4029,42.945
4030,42.860
4031,42.912
4032,42.884
4033,42.884
4034,42.863
4035,42.954
4036,42.804
4037,42.875
4038,43.134
4039,42.938
4040,42.843
4041,43.007
4042,42.821
4043,42.887
4044,42.866
4045,42.927
4046,42.877
4047,42.866
4048,42.842
4049,43.181
4050,42.974
4051,42.798
4052,42.863
4053,42.839
4054,42.881
4055,42.882
4056,42.858
4057,42.927
4058,42.904
4059,42.849
4060,43.474
4061,43.241
4062,42.986
4063,43.207
4064,43.198
4065,43.075
4066,42.882
4067,42.826
4068,42.875
4069,42.873
4070,42.745
4071,43.147
4072,42.996
4073,42.826
4074,42.834
4075,42.953
4076,42.984
4077,42.826
4078,42.930
4079,42.851
4080,42.858
4081,42.872
4082,43.183
4083,43.129
4084,42.927
4085,42.851
4086,42.805
4087,42.858
4088,42.861
4089,42.898
4090,42.884
4091,42.920
4092,43.016
4093,43.066
4094,42.854
4095,42.899
4096,42.852
4097,42.866
4098,42.082
4099,41.402
4100,41.524
4101,41.421
4102,41.397
4103,41.545
4104,41.561
4105,41.389
4106,41.345
4107,41.377
4108,41.444
4109,41.440
4110,41.380
4111,41.407
4112,41.403
4113,41.456
4114,41.388
4115,41.714
4116,41.431
4117,41.437
4118,41.428
4119,41.538
4120,41.604
4121,41.406
4122,41.383
4123,41.466
4124,41.284
4125,41.522
4126,41.587
4127,41.489
4128,41.383
4129,41.490
4130,41.366
4131,41.430
4132,41.464
4133,41.402
4134,41.455
4135,41.399
4136,41.399
4137,41.683
4138,41.467
4139,41.336
4140,41.503
4141,41.321
4142,41.419
4143,41.375
4144,41.409
4145,41.390
4146,41.360
4147,41.381
4148,41.711
4149,41.518
4150,41.348
4151,41.408
4152,41.471
4153,41.450
4154,41.442
4155,41.416
4156,41.430
4157,41.332
4158,41.328
4159,41.631
4160,41.570
4161,41.405
4162,41.435
4163,41.385
4164,41.535
4165,41.384
4166,41.372
4167,41.486
4168,41.393
4169,41.417
4170,41.640
4171,41.421
4172,41.424
4173,41.417
4174,41.619
4175,41.595
4176,41.555
4177,41.338
4178,41.412
4179,41.386
4180,41.504
4181,41.490
4182,41.453
4183,41.397
4184,41.462
4185,41.497
4186,41.625
4187,41.732
4188,41.642
4189,41.481
4190,41.338
4191,41.345
4192,41.477
4193,41.352
4194,41.495
4195,41.434
4196,41.389
4197,41.583
4198,41.533
4199,41.612
4200,41.435
4201,41.443
4202,41.474
4203,41.628
4204,41.567
4205,41.394
4206,41.430
4207,41.332
4208,41.409
4209,41.502
4210,41.404
4211,41.415
4212,41.502
4213,41.380
4214,41.717
4215,41.504
4216,41.361
4217,41.324
4218,41.395
4219,41.427
4220,41.388
4221,41.428
4222,41.368
4223,41.451
4224,41.445
4225,41.720
4226,41.420
4227,41.480
4228,41.419
4229,41.397
4230,41.446
4231,41.442
4232,41.408
4233,41.346
4234,41.431
4235,41.635
4236,41.477
4237,41.426
4238,41.434
4239,41.432
4240,41.395
4241,41.543
4242,41.419
4243,41.468
4244,41.527
4245,41.375
4246,41.413
4247,41.474
4248,41.417
4249,41.424
4250,41.547
4251,41.823
4252,41.670
4253,41.518
4254,41.447
4255,41.350
4256,41.430
4257,41.647
4258,41.486
4259,41.426
4260,41.390
4261,41.407
4262,41.494
4263,41.450
4264,41.485
4265,41.479
4266,41.452
4267,41.383
4268,41.587
4269,41.518
4270,41.418
4271,41.384
4272,41.438
4273,41.406
4274,41.368
4275,41.357
4276,41.452
4277,41.426
4278,41.383
4279,41.632
4280,41.379
4281,41.387
4282,41.422
4283,41.290
4284,41.633
4285,41.464
4286,41.483
4287,41.355
4288,41.308
4289,41.408
4290,41.355
4291,41.404
4292,41.466
4293,41.439
4294,41.571
4295,41.646
4296,41.416
4297,41.422
4298,41.368
4299,41.411
4300,41.342
4301,41.409
4302,41.366
4303,41.550
4304,41.446
4305,41.664
4306,41.470
4307,41.373
4308,41.432
4309,41.367
4310,41.418
4311,43.082
4312,42.872
4313,42.899
4314,42.834
4315,42.991
4316,43.216
4317,42.840
4318,42.970
4319,42.896
4320,42.966
4321,42.886
4322,42.812
4323,42.822
4324,42.912
4325,42.859
4326,43.166
4327,42.886
4328,42.896
4329,42.834
4330,42.896
4331,43.033
4332,42.995
4333,42.781
4334,42.853
4335,42.867
4336,43.063
4337,42.855
4338,42.924
4339,42.864
4340,42.869
4341,42.925
4342,42.901
4343,42.883
4344,42.888
4345,42.907
4346,43.017
4347,42.928
4348,42.949
4349,42.808
4350,42.903
4351,43.108
4352,42.918
4353,42.937
4354,42.929
4355,42.964
4356,42.955
4357,43.076
4358,42.836
4359,42.835
4360,42.881
4361,42.919
4362,41.410
4363,42.980
4364,42.176
4365,41.412
4366,42.224
4367,43.231
4368,41.404
4369,41.442
4370,41.410
4371,41.567
4372,41.511
4373,43.467
4374,41.491
4375,41.534
4376,41.393
4377,41.655
4378,41.369
4379,41.490
4380,41.273
4381,41.591
4382,41.690
4383,41.408
4384,41.349
4385,41.494
4386,41.447
4387,41.366
4388,41.403
4389,41.418
4390,41.523
4391,41.553
4392,41.391
4393,41.668
4394,41.510
4395,41.330
4396,41.377
4397,41.397
4398,41.573
4399,41.599
4400,41.431
4401,41.374
4402,41.330
4403,41.404
4404,41.368
4405,41.377
4406,41.497
4407,41.362
4408,41.438
4409,41.600
4410,41.424
4411,41.340
4412,41.371
4413,41.562
4414,41.388
4415,41.378
4416,41.484
4417,41.365
4418,41.377
4419,41.678
4420,41.532
4421,41.519
4422,41.428
4423,41.430
4424,41.625
4425,41.429
4426,41.405
4427,41.409
4428,41.416
4429,41.611
4430,41.430
4431,41.454
4432,41.498
4433,41.424
4434,41.439
4435,41.533
4436,41.457
4437,41.408
4438,41.443
4439,41.417
4440,41.708
4441,41.483
4442,41.350
4443,41.431
4444,41.386
4445,41.388
4446,41.413
4447,41.438
4448,41.427
4449,41.467
4450,41.662
4451,41.481
4452,41.404
4453,41.430
4454,41.485
4455,41.556
4456,41.530
4457,41.452
4458,41.392
4459,41.473
4460,41.535
4461,41.346
4462,41.464
4463,41.521
4464,41.398
4465,41.720
4466,41.394
4467,41.482
4468,41.371
4469,41.371
4470,42.037
4471,41.489
4472,41.477
4473,41.433
4474,41.479
4475,41.544
4476,41.613
4477,41.428
4478,41.489
4479,41.540
4480,41.352
4481,41.509
4482,41.465
4483,41.539
4484,41.571
4485,41.437
4486,41.689
4487,41.476
4488,41.384
4489,41.412
4490,41.377
4491,41.398
4492,41.379
4493,41.439
4494,41.340
4495,41.448
4496,41.593
4497,41.449
4498,41.369
4499,41.410
4500,41.406
4501,41.929
4502,41.748
4503,41.481
4504,41.381
4505,41.405
4506,41.669
4507,41.423
4508,41.373
4509,41.486
4510,41.454
4511,41.632
4512,41.452
4513,41.491
4514,41.402
4515,41.361
4516,41.434
4517,41.374
4518,41.386
4519,41.292
4520,41.374
4521,41.599
4522,41.512
4523,41.421
4524,41.455
4525,41.384
4526,41.462
4527,41.442
4528,41.499
4529,41.459
4530,41.442
4531,41.380
4532,41.640
4533,41.482
4534,41.413
4535,41.431
4536,41.408
4537,41.580
4538,41.430
4539,41.402
4540,41.464
4541,41.385
4542,41.469
4543,41.536
4544,41.402
4545,41.411
4546,41.447
4547,41.638
4548,41.515
4549,41.460
4550,41.400
4551,41.448
4552,41.440
4553,41.376
4554,41.387
4555,41.331
4556,41.410
4557,41.696
4558,41.411
4559,41.386
4560,41.444
4561,41.335
4562,41.434
4563,41.420
4564,41.421
4565,41.429
4566,41.414
4567,41.602
4568,41.450
4569,41.516
4570,41.437
4571,41.451
4572,41.433
4573,41.413
4574,41.466
4575,41.362
4576,41.442
4577,41.690
4578,41.418
4579,41.349
4580,41.422
4581,41.421
4582,41.646
4583,41.570
4584,41.356
4585,41.362
4586,41.404
4587,41.414
4588,43.120
4589,48.345
4590,43.695
4591,42.942
4592,43.064
4593,42.960
4594,42.847
4595,42.908
4596,42.838
4597,42.836
4598,42.868
4599,42.788
4600,42.922
4601,42.995
4602,42.929
4603,43.005
4604,42.949
4605,42.837
4606,43.025
4607,43.024
4608,42.845
4609,42.891
4610,42.822
4611,42.906
4612,43.009
4613,42.889
4614,42.827
4615,42.975
4616,43.056
4617,42.804
4618,42.868
4619,42.940
4620,42.890
4621,42.908
4622,42.947
4623,42.902
4624,42.904
4625,43.214
4626,42.945
4627,42.893
4628,42.795
4629,42.867
4630,43.111
4631,42.937
4632,42.855
4633,42.816
4634,42.886
4635,42.846
4636,42.796
4637,42.849
4638,42.889
4639,42.911
4640,43.053
4641,42.878
4642,42.824
4643,42.894
4644,43.058
4645,42.899
4646,42.848
4647,42.874
4648,42.841
4649,42.845
4650,42.851
4651,42.860
4652,42.879
4653,42.875
4654,43.072
4655,42.878
4656,42.887
4657,42.919
4658,42.813
4659,42.857
4660,42.945
4661,42.881
4662,42.830
4663,43.143
4664,42.951
4665,42.890
4666,43.042
4667,42.834
4668,42.975
4669,42.939
4670,42.933
4671,42.887
4672,42.812
4673,42.891
4674,42.850
4675,42.869
4676,42.789
4677,42.885
4678,43.146
4679,42.863
4680,42.841
4681,42.928
4682,42.812
4683,42.882
4684,42.822
4685,42.842
4686,42.940
4687,43.147
4688,42.951
4689,42.921
4690,42.848
4691,42.859
4692,43.075
4693,42.921
4694,43.146
4695,42.932
4696,42.908
4697,43.032
4698,42.915
4699,42.853
4700,42.940
4701,42.819
4702,43.016
4703,42.888
4704,42.884
4705,42.866
4706,43.047
4707,42.983
4708,42.863
4709,42.792
4710,42.867
4711,42.880
4712,42.797
4713,42.809
4714,42.864
4715,43.213
4716,42.891
4717,42.792
4718,42.832
4719,42.920
4720,43.052
4721,42.910
4722,42.839
4723,42.860
4724,42.877
4725,42.908
4726,42.936
4727,42.883
4728,42.840
4729,43.147
4730,42.930
4731,42.838
4732,42.834
4733,42.913
4734,42.822
4735,42.839
4736,42.832
4737,42.924
4738,42.907
4739,43.070
4740,42.886
4741,42.977
4742,42.923
4743,42.799
4744,43.008
4745,42.853
4746,42.831
4747,42.852
4748,43.052
4749,42.954
4750,42.831
4751,42.876
4752,42.882
4753,42.836
4754,42.797
4755,42.980
4756,42.900
4757,43.008
4758,42.904
4759,42.817
4760,42.858
4761,42.858
4762,42.870
4763,42.844
4764,42.860
4765,42.869
4766,42.891
4767,43.204
4768,42.898
4769,42.856
4770,42.883
4771,42.896
4772,42.875
4773,42.919
4774,42.885
4775,42.869
4776,43.029
4777,42.907
4778,42.795
4779,42.863
4780,42.848
4781,42.922
4782,42.797
4783,42.824
4784,42.917
4785,43.071
4786,42.916
4787,42.904
4788,42.864
4789,42.874
4790,43.210
4791,43.272
4792,42.815
4793,42.964
4794,44.378
4795,45.790
4796,41.431
4797,43.036
4798,43.003
4799,42.907
4800,42.888
4801,42.967
4802,42.889
4803,42.848
4804,43.097
4805,42.865
4806,42.896
4807,42.909
4808,42.865
4809,42.900
4810,42.882
4811,42.860
4812,42.930
4813,43.129
4814,42.995
4815,42.883
4816,42.882
4817,42.911
4818,42.855
4819,42.942
4820,42.912
4821,42.847
4822,43.021
4823,42.858
4824,42.858
4825,42.863
4826,42.890
4827,42.939
4828,42.863
4829,42.876
4830,42.854
4831,43.036
4832,42.911
4833,42.832
4834,42.887
4835,42.846
4836,42.854
4837,42.919
4838,42.956
4839,42.890
4840,42.982
4841,41.544
4842,41.420
4843,41.370
4844,41.378
4845,41.420
4846,41.450
4847,41.333
4848,41.494
4849,41.458
4850,41.659
4851,41.470
4852,41.355
4853,41.622
4854,41.394
4855,41.654
4856,41.454
4857,41.352
4858,41.410
4859,41.431
4860,41.500
4861,41.404
4862,41.417
4863,41.525
4864,41.672
4865,41.426
4866,41.335
4867,41.377
4868,41.341
4869,41.628
4870,41.388
4871,41.456
4872,41.419
4873,41.374
4874,41.413
4875,41.518
4876,41.368
4877,41.434
4878,41.739
4879,41.405
4880,41.332
4881,41.345
4882,41.462
4883,41.596
4884,41.530
4885,41.423
4886,41.419
4887,41.405
4888,41.356
4889,41.433
4890,41.479
4891,41.471
4892,41.687
4893,41.516
4894,41.451
4895,41.474
4896,41.398
4897,41.437
4898,41.351
4899,41.390
4900,41.421
4901,41.526
4902,41.640
4903,41.447
4904,41.430
4905,41.494
4906,41.463
4907,41.549
4908,42.988
4909,42.833
4910,42.825
4911,43.237
4912,42.938
4913,42.979
4914,42.881
4915,42.882
4916,41.508
4917,41.425
4918,41.367
4919,41.398
4920,41.412
4921,41.452
4922,41.448
4923,41.382
4924,41.469
4925,41.772
4926,41.461
4927,41.376
4928,41.461
4929,41.457
4930,41.392
4931,41.399
4932,41.369
4933,41.523
4934,41.607
4935,41.533
4936,41.523
4937,41.508
4938,41.466
4939,41.449
4940,41.463
4941,41.429
4942,41.493
4943,41.663
4944,41.437
4945,41.443
4946,41.416
4947,41.420
4948,41.390
4949,41.493
4950,41.434
4951,41.478
4952,41.647
4953,41.453
4954,41.463
4955,41.367
4956,41.407
4957,41.427
4958,41.521
4959,41.398
4960,41.338
4961,41.490
4962,41.666
4963,41.437
4964,41.367
4965,41.447
4966,41.624
4967,41.512
4968,41.470
4969,41.385
4970,41.398
4971,41.555
4972,41.399
4973,41.407
4974,41.383
4975,41.437
4976,41.433
4977,41.422
4978,41.392
4979,41.364
4980,41.656
4981,41.472
4982,41.439
4983,41.502
4984,41.420
4985,42.943
4986,42.918
4987,42.796
4988,42.912
4989,43.098
4990,42.941
4991,42.905
4992,42.886
4993,43.011
4994,42.888
4995,42.869
4996,42.924
4997,42.923
4998,43.037
4999,42.884
5000,42.811
5001,42.842
5002,43.015
5003,42.934
5004,42.816
5005,42.855
5006,42.835
5007,43.039
5008,42.868
5009,42.883
5010,42.864
5011,42.856
5012,42.907
5013,42.880
5014,42.802
5015,42.931
5016,43.110
5017,42.910
5018,42.831
5019,42.855
5020,42.852
5021,42.895
5022,42.832
5023,42.910
5024,42.912
5025,43.102
5026,42.875
5027,42.996
5028,42.904
5029,42.876
5030,42.901
5031,42.904
5032,42.929
5033,43.194
5034,43.165
5035,42.839
5036,42.957
5037,42.848
5038,42.851
5039,42.907
5040,42.846
5041,42.988
5042,43.030
5043,42.943
5044,42.941
5045,42.870
5046,42.869
5047,43.000
5048,42.909
5049,42.864
5050,43.216
5051,42.926
5052,42.818
5053,42.875
5054,42.842
5055,43.129
5056,42.894
5057,42.891
5058,42.861
5059,42.826
5060,43.067
5061,42.859
5062,42.852
5063,42.965
5064,43.294
5065,42.953
5066,42.884
5067,42.913
5068,43.068
5069,42.943
5070,42.847
5071,42.951
5072,42.907
5073,43.091
5074,42.847
5075,42.835
5076,42.854
5077,43.052
5078,42.994
5079,42.858
5080,42.883
5081,43.244
5082,43.008
5083,42.877
5084,42.846
5085,42.950
5086,42.928
5087,42.939
5088,42.918
5089,42.881
5090,43.008
5091,42.961
5092,42.831
5093,42.886
5094,42.849
5095,43.113
5096,42.854
5097,42.841
5098,42.888
5099,42.866
5100,42.821
5101,42.846
5102,42.836
5103,43.060
5104,42.985
5105,42.855
5106,42.815
5107,42.844
5108,42.865
5109,42.892
5110,42.835
5111,42.908
5112,43.198
5113,42.846
5114,42.784
5115,42.893
5116,43.092
5117,42.911
5118,42.859
5119,42.855
5120,42.912
5121,43.243
5122,42.840
5123,42.817
5124,42.877
5125,42.960
5126,42.920
5127,42.859
5128,42.918
5129,43.085
5130,42.919
5131,42.867
5132,42.891
5133,42.959
5134,43.151
5135,42.884
5136,42.817
5137,42.913
5138,42.884
5139,42.858
5140,45.384
5141,42.866
5142,43.056
5143,42.953
5144,42.790
5145,42.876
5146,42.853
5147,42.825
5148,42.877
5149,42.885
5150,42.906
5151,43.290
5152,42.923
5153,42.872
5154,42.886
5155,42.919
5156,42.901
5157,42.868
5158,42.842
5159,43.015
5160,42.919
5161,42.889
5162,42.841
5163,42.992
5164,43.212
5165,42.830
5166,42.884
5167,42.864
5168,42.910
5169,42.898
5170,42.818
5171,42.952
5172,43.030
5173,42.913
5174,41.552
5175,41.414
5176,41.523
5177,41.624
5178,41.395
5179,41.476
5180,41.435
5181,41.566
5182,41.423
5183,41.406
5184,41.453
5185,41.450
5186,41.472
5187,41.440
5188,41.386
5189,41.461
5190,41.650
5191,41.470
5192,41.500
5193,41.419
5194,41.574
5195,41.536
5196,41.331
5197,41.385
5198,41.371
5199,41.632
5200,41.427
5201,41.509
5202,41.462
5203,41.505
5204,41.401
5205,41.408
5206,41.394
5207,41.491
5208,41.528
5209,41.333
5210,41.588
5211,41.383
5212,41.386
5213,41.409
5214,41.429
5215,41.403
5216,41.657
5217,41.427
5218,41.409
5219,41.377
5220,41.463
5221,41.642
5222,41.412
5223,41.420
5224,41.464
5225,41.377
5226,41.640
5227,41.452
5228,41.361
5229,41.693
5230,41.614
5231,41.892
5232,41.771
5233,41.670
5234,41.651
5235,41.414
5236,41.426
5237,41.372
5238,41.413
5239,41.444
5240,41.423
5241,41.391
5242,41.487
5243,41.662
5244,41.564
5245,41.384
5246,41.386
5247,41.377
5248,41.441
5249,41.375
5250,41.443
5251,41.616
5252,41.454
5253,41.323
5254,41.479
5255,41.399
5256,41.437
5257,41.414
5258,41.398
5259,41.425
5260,41.672
5261,41.451
5262,41.506
5263,41.411
5264,41.422
5265,41.426
5266,41.435
5267,41.386
5268,41.478
5269,41.613
5270,41.411
5271,41.433
5272,41.391
5273,41.501
5274,41.369
5275,41.422
5276,41.395
5277,41.730
5278,41.508
5279,41.418
5280,41.396
5281,41.370
5282,41.441
5283,41.469
5284,41.433
5285,41.384
5286,41.570
5287,41.497
5288,41.372
5289,41.396
5290,41.509
5291,41.513
5292,41.421
5293,41.486
5294,41.433
5295,41.627
5296,41.410
5297,41.417
5298,41.424
5299,41.441
5300,41.501
5301,41.370
5302,41.406
5303,41.533
5304,41.438
5305,41.349
5306,41.452
5307,41.391
5308,41.485
5309,41.382
5310,41.422
5311,41.464
5312,41.587
5313,41.525
5314,41.375
5315,41.398
5316,41.400
5317,41.408
5318,41.423
5319,41.426
5320,41.354
5321,41.597
5322,41.413
5323,41.409
5324,41.501
5325,41.938
5326,41.618
5327,41.398
5328,41.417
5329,41.414
5330,41.429
5331,41.357
5332,41.437
5333,41.519
5334,41.481
5335,41.427
5336,41.392
5337,41.406
5338,41.347
5339,41.430
5340,41.402
5341,41.418
5342,41.685
5343,41.475
5344,41.429
5345,41.451
5346,41.351
5347,41.613
5348,41.429
5349,41.411
5350,41.461
5351,41.654
5352,41.459
5353,41.403
5354,41.391
5355,41.606
5356,41.423
5357,41.361
5358,41.593
5359,41.617
5360,41.445
5361,41.399
5362,41.411
5363,41.557
5364,41.493
5365,41.418
5366,41.437
5367,41.389
5368,41.667
5369,41.483
5370,41.409
5371,41.420
5372,41.459
5373,41.432
5374,41.455
5375,41.376
5376,41.640
5377,41.496
5378,41.383
5379,41.381
5380,41.368
5381,41.551
5382,41.502
5383,41.441
5384,41.413
5385,41.476
5386,41.429
5387,41.406
5388,41.412
5389,41.544
5390,41.388
5391,41.465
5392,41.430
5393,41.760
5394,41.466
5395,41.406
5396,41.403
5397,41.476
5398,41.532
5399,41.399
5400,41.373
5401,41.388
5402,41.512
5403,41.436
5404,41.363
5405,41.469
5406,41.597
5407,41.420
5408,41.412
5409,41.375
5410,41.444
5411,41.408
5412,41.419
5413,41.409
5414,41.469
5415,41.554
5416,41.458
5417,41.469
5418,41.444
5419,41.633
5420,41.444
5421,41.409
5422,41.429
5423,41.382
5424,41.453
5425,41.341
5426,41.378
5427,41.705
5428,41.516
5429,41.308
5430,41.401
5431,41.384
5432,41.390
5433,41.354
5434,41.382
5435,41.454
5436,41.686
5437,41.441
5438,41.471
5439,41.508
5440,41.514
5441,41.427
5442,41.434
5443,41.484
5444,41.698
5445,41.506
5446,41.395
5447,41.458
5448,41.437
5449,41.389
5450,41.381
5451,41.357
5452,41.627
5453,41.449
5454,41.456
5455,41.477
5456,41.428
5457,41.666
5458,41.471
5459,41.428
5460,41.437
5461,41.471
5462,41.468
5463,41.366
5464,41.366
5465,41.664
5466,41.469
5467,41.456
5468,41.501
5469,41.689
5470,41.536
5471,41.446
5472,41.383
5473,41.640
5474,41.483
5475,41.436
5476,41.363
5477,41.387
5478,41.504
5479,41.319
5480,41.462
5481,41.438
5482,41.770
5483,41.427
5484,41.438
5485,41.397
5486,41.360
5487,41.463
5488,41.409
5489,41.416
5490,41.546
5491,41.427
5492,41.528
5493,41.427
5494,41.588
5495,41.504
5496,41.381
5497,41.424
5498,41.583
5499,41.458
5500,41.389
5501,41.412
5502,41.389
5503,41.432
5504,41.371
5505,41.417
5506,41.478
5507,41.678
5508,41.429
5509,41.379
5510,41.357
5511,41.433
5512,41.362
5513,41.440
5514,41.570
5515,41.633
5516,41.496
5517,41.365
5518,41.412
5519,41.620
5520,41.532
5521,41.448
5522,41.442
5523,41.542
5524,41.463
5525,41.359
5526,41.364
5527,41.421
5528,41.539
5529,41.421
5530,41.405
5531,41.423
5532,41.666
5533,41.436
5534,41.463
5535,41.499
5536,41.459
5537,41.359
5538,41.454
5539,41.431
5540,41.671
5541,41.475
5542,41.474
5543,41.446
5544,41.513
5545,41.517
5546,41.437
5547,41.446
5548,41.593
5549,41.419
5550,41.463
5551,41.455
5552,41.449
5553,41.438
5554,41.543
5555,41.448
5556,41.742
5557,41.576
5558,41.514
5559,41.448
5560,41.421
5561,41.401
5562,41.478
5563,41.396
5564,41.424
5565,41.797
5566,41.469
5567,41.390
5568,41.431
5569,41.447
5570,41.628
5571,41.525
5572,41.360
5573,41.790
5574,41.477
5575,41.414
5576,41.550
5577,41.906
5578,41.437
5579,41.478
5580,41.418
5581,41.426
5582,41.455
5583,41.413
5584,41.483
5585,41.723
5586,41.503
5587,41.456
5588,41.446
5589,41.525
5590,41.446
5591,41.385
5592,41.457
5593,41.415
5594,41.464
5595,41.401
5596,41.408
5597,41.719
5598,41.484
5599,41.466
5600,41.350
5601,41.408
5602,41.502
5603,41.504
5604,41.422
5605,41.401
5606,41.539
5607,41.378
5608,41.426
5609,41.468
5610,41.436
5611,41.333
5612,41.467
5613,41.390
5614,41.742
5615,41.377
5616,41.450
5617,41.394
5618,41.481
5619,41.429
5620,41.352
5621,41.420
5622,41.574
5623,41.423
5624,41.388
5625,41.459
5626,41.626
5627,41.490
5628,41.405
5629,41.335
5630,41.639
5631,41.523
5632,41.426
5633,41.420
5634,41.483
5635,41.518
5636,41.540
5637,41.381
5638,41.522
5639,41.571
5640,41.366
5641,41.389
5642,41.473
5643,41.434
5644,41.427
5645,41.416
5646,41.721
5647,41.465
5648,43.702
5649,41.476
5650,41.906
5651,41.480
5652,41.406
5653,41.459
5654,41.364
5655,41.355
5656,41.391
5657,41.392
5658,41.672
5659,41.588
5660,41.404
5661,41.453
5662,41.544
5663,41.447
5664,41.393
5665,41.498
5666,41.431
5667,41.413
5668,41.506
5669,41.418
5670,41.517
5671,41.567
5672,41.440
5673,41.450
5674,41.378
5675,41.382
5676,41.362
5677,41.518
5678,41.484
5679,41.562
5680,41.410
5681,41.436
5682,41.373
5683,41.454
5684,41.408
5685,41.401
5686,41.397
5687,43.156
5688,42.900
5689,42.974
5690,42.883
5691,42.914
5692,42.896
5693,42.921
5694,43.080
5695,42.875
5696,42.825
5697,42.831
5698,42.848
5699,42.915
5700,42.806
5701,42.921
5702,43.077
5703,42.924
5704,42.971
5705,42.873
5706,42.837
5707,42.958
5708,42.925
5709,42.892
5710,43.084
5711,42.920
5712,43.211
5713,42.881
5714,42.928
5715,42.921
5716,42.885
5717,42.909
5718,43.194
5719,42.884
5720,42.920
5721,42.833
5722,42.878
5723,42.845
5724,42.846
5725,43.001
5726,42.894
5727,42.884
5728,42.780
5729,42.868
5730,42.893
5731,42.862
5732,42.837
5733,43.183
5734,42.921
5735,42.897
5736,42.848
5737,43.053
5738,42.937
5739,42.887
5740,42.827
5741,42.851
5742,43.188
5743,42.985
5744,42.830
5745,43.278
5746,42.907
5747,42.853
5748,42.867
5749,42.838
5750,42.892
5751,42.867
5752,43.018
5753,42.950
5754,42.812
5755,42.921
5756,43.024
5757,42.910
5758,42.844
5759,42.825
5760,42.861
5761,42.898
5762,42.876
5763,42.837
5764,43.159
5765,42.953
5766,42.851
5767,42.902
5768,42.875
5769,42.878
5770,42.875
5771,42.930
5772,42.935
5773,42.862
5774,42.890
5775,42.813
5776,42.849
5777,42.924
5778,42.843
5779,43.030
5780,42.919
5781,42.911
5782,42.858
5783,43.038
5784,42.923
5785,42.866
5786,42.884
5787,42.954
5788,42.824
5789,42.832
5790,42.929
5791,43.114
5792,42.850
5793,42.909
5794,43.100
5795,42.998
5796,42.998
5797,42.847
5798,42.877
5799,42.901
5800,42.875
5801,42.872
5802,43.070
5803,42.913
5804,42.889
5805,42.842
5806,42.872
5807,42.898
5808,42.888
5809,42.841
5810,43.186
5811,42.886
5812,42.894
5813,43.189
5814,43.273
5815,42.870
5816,42.866
5817,42.861
5818,42.849
5819,42.901
5820,42.867
5821,43.290
5822,42.955
5823,42.902
5824,42.870
5825,43.032
5826,42.861
5827,42.841
5828,42.897
5829,42.897
5830,42.931
5831,42.811
5832,43.117
5833,43.021
5834,42.858
5835,42.845
5836,42.888
5837,42.901
5838,42.885
5839,42.857
5840,43.088
5841,42.896
5842,42.856
5843,42.844
5844,43.053
5845,42.839
5846,42.826
5847,42.872
5848,43.083
5849,42.957
5850,42.887
5851,43.049
5852,42.894
5853,42.899
5854,42.817
5855,42.908
5856,42.882
5857,43.056
5858,42.804
5859,43.095
5860,42.970
5861,57.880
5862,41.448
5863,41.482
5864,41.444
5865,41.417
5866,41.961
5867,41.438
5868,41.504
5869,41.506
5870,41.440
5871,41.462
5872,41.461
5873,41.436
5874,41.591
5875,41.412
5876,41.392
5877,41.392
5878,41.707
5879,41.461
5880,41.397
5881,41.453
5882,41.494
5883,41.470
5884,41.455
5885,41.400
5886,41.641
5887,41.423
5888,41.417
5889,41.421
5890,41.434
5891,41.419
5892,41.430
5893,41.734
5894,41.409
5895,41.405
5896,41.462
5897,41.407
5898,41.396
5899,41.450
5900,41.371
5901,41.552
5902,41.511
5903,41.452
5904,41.388
5905,41.485
5906,41.364
5907,41.417
5908,41.443
5909,41.685
5910,41.535
5911,41.400
5912,41.379
5913,41.440
5914,41.400
5915,41.476
5916,41.433
5917,41.644
5918,41.413
5919,41.444
5920,41.456
5921,41.390
5922,41.396
5923,41.445
5924,41.677
5925,41.454
5926,41.386
5927,41.335
5928,41.623
5929,41.433
5930,41.474
5931,41.339
5932,41.441
5933,41.429
5934,41.506
5935,41.894
5936,41.793
5937,41.365
5938,41.426
5939,41.428
5940,41.657
5941,41.446
5942,41.410
5943,41.373
5944,41.620
5945,41.429
5946,41.484
5947,41.516
5948,41.521
5949,41.367
5950,41.452
5951,41.772
5952,41.483
5953,41.504
5954,41.422
5955,41.549
5956,41.456
5957,41.418
5958,41.435
5959,41.383
5960,41.390
5961,41.434
5962,41.419
5963,42.157
5964,41.470
5965,41.409
5966,41.505
5967,41.564
5968,41.451
5969,41.418
5970,41.424
5971,41.373
5972,41.434
5973,41.491
5974,41.761
5975,41.448
5976,41.449
5977,41.367
5978,41.441
5979,41.394
5980,41.369
5981,41.406
5982,41.664
5983,41.468
5984,41.465
5985,41.501
5986,41.743
5987,41.402
5988,41.370
5989,41.429
5990,41.459
5991,41.490
5992,41.502
5993,41.668
5994,41.473
5995,41.336
5996,41.385
5997,41.418
5998,41.442
5999,41.553
6000,41.459
6001,41.719
6002,41.395
6003,41.296
6004,41.463
6005,41.429
6006,41.467
6007,41.454
6008,41.581
6009,41.475
6010,41.396
6011,41.423
6012,41.481
6013,41.325
6014,41.435
6015,41.401
6016,41.846
6017,41.452
6018,41.391
6019,41.357
6020,41.591
6021,41.489
6022,41.529
6023,41.425
6024,41.702
6025,41.467
6026,41.418
6027,41.487
6028,41.394
6029,41.485
6030,41.505
6031,41.779
6032,41.866
6033,41.372
6034,41.374
6035,41.618
6036,41.518
6037,41.594
6038,41.418
6039,41.376
6040,41.487
6041,41.481
6042,41.517
6043,41.863
6044,41.546
6045,41.414
6046,41.461
6047,41.401
6048,41.521
6049,41.394
6050,41.572
6051,41.435
6052,41.445
6053,41.430
6054,41.753
6055,41.411
6056,41.440
6057,41.379
6058,41.566
6059,41.514
6060,41.403
6061,41.628
6062,41.477
6063,41.410
6064,41.423
6065,41.470
6066,41.366
6067,41.502
6068,41.376
6069,41.880
6070,41.463
6071,41.402
6072,41.393
6073,41.628
6074,41.408
6075,41.466
6076,41.335
6077,41.479
6078,41.316
6079,41.407
6080,41.693
6081,41.434
6082,41.514
6083,41.386
6084,41.654
6085,41.377
6086,41.478
6087,41.395
6088,41.459
6089,41.396
6090,41.422
6091,41.691
6092,41.720
6093,41.332
6094,41.357
6095,41.542
6096,41.560
6097,41.482
6098,41.372
6099,41.678
6100,41.488
6101,41.462
6102,41.400
6103,41.591
6104,41.505
6105,41.305
6106,41.430
6107,41.404
6108,43.548
6109,41.864
6110,41.876
6111,41.540
6112,41.540
6113,41.581
6114,41.745
6115,41.640
6116,41.497
6117,41.544
6118,41.513
6119,41.527
6120,41.485
6121,41.559
6122,41.519
6123,41.439
6124,41.408
6125,41.458
6126,41.410
6127,41.488
6128,41.380
6129,41.892
6130,41.397
6131,41.387
6132,41.421
6133,41.317
6134,41.609
6135,41.382
6136,41.556
6137,41.491
6138,41.432
6139,41.387
6140,41.456
6141,41.344
6142,41.414
6143,41.402
6144,41.741
6145,41.396
6146,41.379
6147,41.413
6148,41.391
6149,41.438
6150,41.339
6151,41.605
6152,41.464
6153,41.420
6154,41.361
6155,41.432
6156,41.368
6157,41.421
6158,41.486
6159,41.615
6160,41.356
6161,41.443
6162,41.546
6163,41.472
6164,41.444
6165,41.335
6166,41.415
6167,41.451
6168,41.521
6169,41.471
6170,41.842
6171,41.450
6172,41.525
6173,41.576
6174,41.447
6175,41.406
6176,41.378
6177,41.598
6178,41.412
6179,41.617
6180,41.424
6181,41.565
6182,41.784
6183,41.514
6184,41.668
6185,41.563
6186,41.469
6187,41.389
6188,41.629
6189,41.507
6190,41.357
6191,41.458
6192,41.592
6193,41.484
6194,41.438
6195,41.577
6196,41.597
6197,41.431
6198,41.520
6199,41.627
6200,41.467
6201,41.460
6202,41.389
6203,41.424
6204,41.441
6205,41.424
6206,41.533
6207,41.404
6208,41.414
6209,41.458
6210,41.409
6211,41.444
6212,41.409
6213,41.415
6214,41.839
6215,41.458
6216,41.465
6217,41.460
6218,41.551
6219,41.419
6220,41.462
6221,41.379
6222,41.434
6223,41.418
6224,41.452
6225,41.670
6226,41.419
6227,41.468
6228,41.441
6229,41.396
6230,41.435
6231,41.468
6232,41.610
6233,41.428
6234,41.457
6235,41.379
6236,41.603
6237,41.416
6238,41.424
6239,41.391
6240,41.546
6241,41.460
6242,41.449
6243,41.754
6244,43.216
6245,42.446
6246,41.743
6247,41.641
6248,41.377
6249,41.450
6250,41.405
6251,41.399
6252,41.461
6253,41.447
6254,41.580
6255,41.506
6256,41.406
6257,41.446
6258,41.680
6259,41.414
6260,41.471
6261,41.362
6262,41.483
6263,41.332
6264,41.498
6265,41.962
6266,41.451
6267,41.475
6268,41.357
6269,41.432
6270,41.483
6271,41.454
6272,41.753
6273,41.453
6274,41.526
6275,41.411
6276,41.707
6277,41.412
6278,41.382
6279,41.522
6280,41.582
6281,41.458
6282,41.451
6283,41.467
6284,41.447
6285,41.417
6286,41.354
6287,41.750
6288,41.432
6289,41.467
6290,41.469
6291,41.515
6292,41.560
6293,41.417
6294,41.464
6295,41.406
6296,41.471
6297,41.379
6298,41.778
6299,41.512
6300,41.401
6301,41.421
6302,41.351
6303,41.483
6304,41.420
6305,42.081
6306,41.432
6307,41.487
6308,41.421
6309,41.647
6310,41.423
6311,41.427
6312,41.408
6313,41.352
6314,41.464
6315,41.313
6316,41.729
6317,41.430
6318,41.396
6319,41.585
6320,41.583
6321,41.456
6322,41.387
6323,41.474
6324,41.357
6325,41.481
6326,41.385
6327,41.628
6328,41.515
6329,41.386
6330,41.390
6331,41.342
6332,41.517
6333,41.439
6334,41.571
6335,41.380
6336,41.399
6337,41.451
6338,41.435
6339,41.407
6340,41.416
6341,41.717
6342,41.433
6343,41.446
6344,41.408
6345,41.380
6346,41.468
6347,41.382
6348,41.534
6349,41.469
6350,41.386
6351,41.634
6352,41.563
6353,41.408
6354,41.462
6355,41.410
6356,41.604
6357,41.575
6358,41.494
6359,41.456
6360,41.644
6361,41.403
6362,41.441
6363,41.622
6364,41.509
6365,41.434
6366,41.603
6367,41.676
6368,42.555
6369,42.523
6370,42.906
6371,43.066
6372,43.619
6373,43.303
6374,42.974
6375,43.109
6376,43.337
6377,43.457
6378,42.939
6379,42.832
6380,42.906
6381,43.418
6382,43.169
6383,42.862
6384,43.222
6385,43.392
6386,43.202
6387,42.722
6388,42.640
6389,42.670
6390,42.597
6391,42.918
6392,42.619
6393,41.863
6394,42.505
6395,42.129
6396,51.217
6397,42.078
6398,41.825
6399,41.676
6400,41.650
6401,41.720
6402,41.547
6403,41.745
6404,41.632
6405,41.566
6406,41.572
6407,42.011
6408,42.881
6409,42.595
6410,41.613
6411,41.955
6412,41.519
6413,41.436
6414,41.479
6415,41.785
6416,41.505
6417,41.426
6418,41.465
6419,41.450
6420,41.429
6421,41.536
6422,41.942
6423,41.483
6424,41.445
6425,41.426
6426,41.723
6427,41.492
6428,41.405
6429,41.405
6430,41.541
6431,41.374
6432,41.513
6433,41.961
6434,41.600
6435,41.490
6436,41.622
6437,41.465
6438,41.575
6439,41.386
6440,41.679
6441,41.496
6442,41.498
6443,41.971
6444,41.474
6445,41.534
6446,41.637
6447,41.872
6448,41.473
6449,41.685
6450,41.547
6451,41.394
6452,41.587
6453,41.486
6454,41.695
6455,41.458
6456,41.512
6457,41.629
6458,41.502
6459,41.470
6460,41.494
6461,41.469
6462,41.815
6463,41.494
6464,42.137
6465,41.515
6466,41.423
6467,41.382
6468,41.744
6469,41.789
6470,41.478
6471,41.746
6472,41.468
6473,41.426
6474,41.478
6475,41.713
6476,41.447
6477,41.600
6478,41.968
6479,41.951
6480,41.576
6481,41.495
6482,41.437
6483,41.444
6484,41.661
6485,42.389
6486,41.571
6487,41.608
6488,41.463
6489,41.529
6490,41.593
6491,41.589
6492,41.728
6493,41.550
6494,41.555
6495,41.522
6496,41.732
6497,41.628
6498,41.549
6499,41.598
6500,41.847
6501,41.465
6502,41.503
6503,41.583
6504,41.472
6505,41.458
6506,41.674
6507,41.494
6508,41.538
6509,41.443
6510,41.620
6511,41.449
6512,41.456
6513,41.510
6514,41.445
6515,41.513
6516,41.392
6517,41.642
6518,41.447
6519,41.483
6520,41.651
6521,41.429
6522,41.449
6523,41.448
6524,41.486
6525,42.932
6526,41.851
6527,41.891
6528,41.569
6529,41.832
6530,41.652
6531,43.241
6532,43.062
6533,43.050
6534,43.019
6535,42.968
6536,43.214
6537,43.198
6538,43.008
6539,44.514
6540,42.943
6541,43.204
6542,42.878
6543,42.931
6544,43.172
6545,42.974
6546,42.891
6547,42.972
6548,43.107
6549,43.018
6550,43.016
6551,42.884
6552,42.932
6553,42.998
6554,43.360
6555,43.816
6556,43.016
6557,43.158
6558,43.096
6559,42.943
6560,42.993
6561,43.010
6562,42.930
6563,42.886
6564,43.220
6565,43.070
6566,42.892
6567,42.928
6568,42.863
6569,42.901
6570,42.873
6571,43.058
6572,42.946
6573,42.847
6574,42.875
6575,42.898
6576,43.000
6577,43.032
6578,43.413
6579,42.912
6580,42.871
6581,42.897
6582,43.015
6583,42.956
6584,43.120
6585,42.972
6586,42.952
6587,43.012
6588,42.933
6589,42.872
6590,42.902
6591,43.251
6592,42.962
6593,43.029
6594,43.272
6595,42.958
6596,44.060
6597,42.873
6598,43.155
6599,42.909
6600,43.019
6601,42.994
6602,42.895
6603,42.859
6604,43.194
6605,42.906
6606,43.087
6607,44.666
6608,43.164
6609,43.020
6610,42.907
6611,42.867
6612,43.188
6613,43.099
6614,43.116
6615,43.000
6616,42.862
6617,42.934
6618,43.123
6619,41.460
6620,43.369
6621,43.758
6622,41.711
6623,41.566
6624,41.748
6625,41.565
6626,41.516
6627,41.600
6628,41.578
6629,41.655
6630,41.429
6631,41.943
6632,41.598
6633,42.035
6634,47.697
6635,50.410
6636,48.594
6637,52.680
6638,50.425
6639,43.792
6640,41.691
6641,41.993
6642,41.604
6643,41.363
6644,41.388
6645,41.464
6646,41.390
6647,42.202
6648,41.508
6649,41.434
6650,41.403
6651,41.653
6652,41.514
6653,41.564
6654,41.589
6655,43.078
6656,43.027
6657,42.928
6658,43.045
6659,42.896
6660,42.962
6661,43.020
6662,43.019
6663,43.018
6664,43.282
6665,43.065
6666,43.008
6667,42.953
6668,42.985
6669,42.987
6670,42.923
6671,43.167
6672,42.948
6673,43.026
6674,42.909
6675,42.879
6676,42.900
6677,43.274
6678,43.032
6679,42.886
6680,42.878
6681,43.247
6682,43.345
6683,42.900
6684,43.111
6685,42.949
6686,43.072
6687,43.024
6688,43.049
6689,42.924
6690,43.604
6691,43.085
6692,42.906
6693,42.900
6694,43.152
6695,43.034
6696,42.933
6697,43.378
6698,43.063
6699,43.002
6700,43.177
6701,43.008
6702,42.977
6703,42.988
6704,42.910
6705,43.038
6706,42.962
6707,43.377
6708,43.031
6709,42.916
6710,42.949
6711,42.942
6712,42.990
6713,42.918
6714,43.133
6715,42.901
6716,42.945
6717,43.066
6718,42.979
6719,43.068
6720,42.846
6721,41.417
6722,41.482
6723,41.424
6724,41.776
6725,41.528
6726,41.568
6727,41.642
6728,41.465
6729,41.584
6730,41.520
6731,41.522
6732,41.572
6733,41.451
6734,41.617
6735,41.392
6736,41.679
6737,43.065
6738,44.659
6739,43.926
6740,41.659
6741,41.438
6742,41.437
6743,41.452
6744,41.596
6745,41.562
6746,41.558
6747,41.674
6748,41.488
6749,41.550
6750,41.564
6751,42.556
6752,41.393
6753,41.432
6754,41.663
6755,41.559
6756,41.517
6757,41.756
6758,41.533
6759,41.649
6760,41.573
6761,41.548
6762,41.586
6763,41.576
6764,41.742
6765,41.502
6766,41.399
6767,41.610
6768,41.547
6769,41.507
6770,41.502
6771,41.638
6772,41.558
6773,41.437
6774,41.539
6775,41.472
6776,41.486
6777,42.568
6778,43.092
6779,42.944
6780,42.927
6781,43.286
6782,42.988
6783,43.178
6784,43.087
6785,42.996
6786,43.081
6787,43.004
6788,43.069
6789,43.123
6790,42.942
6791,43.526
6792,43.181
6793,43.115
6794,43.285
6795,43.037
6796,42.932
6797,42.977
6798,43.088
6799,42.981
6800,43.313
6801,42.972
6802,42.986
6803,43.304
6804,42.908
6805,42.940
6806,41.510
6807,41.927
6808,41.565
6809,41.427
6810,41.798
6811,41.568
6812,41.461
6813,41.530
6814,41.433
6815,41.553
6816,41.482
6817,41.973
6818,41.611
6819,41.818
6820,41.760
6821,41.466
6822,41.424
6823,41.536
6824,42.953
6825,44.573
6826,44.342
6827,43.223
6828,43.307
6829,43.427
6830,44.155
6831,43.124
6832,41.870
6833,41.704
6834,41.535
6835,41.643
6836,43.476
6837,41.473
6838,41.419
6839,41.518
6840,41.454
6841,41.553
6842,41.582
6843,41.790
6844,41.453
6845,42.004
6846,41.704
6847,41.512
6848,41.450
6849,41.456
6850,41.472
6851,41.556
6852,41.550
6853,42.938
6854,42.931
6855,43.008
6856,42.907
6857,42.810
6858,42.946
6859,43.044
6860,42.992
6861,43.014
6862,42.907
6863,43.223
6864,43.110
6865,43.211
6866,43.003
6867,42.980
6868,42.974
6869,43.241
6870,43.027
6871,42.970
6872,42.971
6873,42.900
6874,42.992
6875,43.020
6876,43.156
6877,43.000
6878,42.838
6879,43.226
6880,43.141
6881,42.956
6882,43.154
6883,41.483
6884,41.582
6885,41.562
6886,41.435
6887,41.461
6888,41.588
6889,42.002
6890,41.468
6891,41.561
6892,41.544
6893,41.561
6894,41.494
6895,42.056
6896,41.566
6897,41.546
6898,41.517
6899,41.453
6900,41.594
6901,41.482
6902,41.832
6903,41.972
6904,41.452
6905,42.512
6906,43.052
6907,43.329
6908,43.183
6909,42.954
6910,42.841
6911,42.928
6912,42.988
6913,42.883
6914,42.938
6915,43.542
6916,42.928
6917,42.991
6918,43.179
6919,42.984
6920,43.224
6921,43.721
6922,43.214
6923,42.978
6924,43.225
6925,42.926
6926,43.884
6927,43.081
6928,43.095
6929,43.061
6930,42.932
6931,41.699
6932,41.510
6933,41.484
6934,41.782
6935,41.712
6936,43.162
6937,41.931
6938,41.790
6939,41.732
6940,42.225
6941,42.049
6942,41.752
6943,41.614
6944,41.648
6945,41.744
6946,41.665
6947,41.815
6948,41.832
6949,41.711
6950,41.738
6951,41.565
6952,41.642
6953,41.927
6954,41.713
6955,41.684
6956,41.619
6957,42.216
6958,41.805
6959,41.716
6960,41.826
6961,41.616
6962,41.602
6963,41.711
6964,41.598
6965,41.692
6966,41.927
6967,41.767
6968,41.609
6969,41.433
6970,41.584
6971,41.715
6972,41.772
6973,42.148
6974,41.804
6975,41.832
6976,41.910
6977,41.609
6978,41.512
6979,41.718
6980,41.820
6981,41.589
6982,41.573
6983,42.130
6984,41.717
6985,41.768
6986,41.899
6987,41.774
6988,41.665
6989,41.854
6990,41.687
6991,41.680
6992,41.593
6993,41.905
6994,41.703
6995,41.628
6996,41.658
6997,41.658
6998,41.807
6999,42.092
7000,41.685
7001,41.583
7002,41.698
7003,41.706
7004,41.565
7005,41.791
7006,42.080
7007,41.690
7008,42.112
7009,42.996
7010,43.498
7011,43.354
7012,43.637
7013,44.616
7014,41.820
7015,41.863
7016,41.813
7017,41.792
7018,41.805
7019,41.636
7020,41.587
7021,41.635
7022,41.811
7023,41.628
7024,41.475
7025,41.815
7026,41.586
7027,41.580
7028,41.617
7029,41.548
7030,41.567
7031,41.734
7032,41.537
7033,41.473
7034,41.653
7035,41.717
7036,41.648
7037,41.621
7038,41.685
7039,41.440
7040,41.428
7041,41.580
7042,41.615
7043,41.708
7044,41.859
7045,41.743
7046,41.477
7047,41.499
7048,41.604
7049,41.558
7050,41.624
7051,41.949
7052,41.423
7053,41.584
7054,41.629
7055,41.658
7056,41.482
7057,41.693
7058,41.596
7059,41.624
7060,41.436
7061,41.450
7062,41.427
7063,41.497
7064,41.657
7065,41.393
7066,41.463
7067,41.457
7068,41.410
7069,41.476
7070,41.754
7071,41.477
7072,41.496
7073,41.672
7074,41.799
7075,41.644
7076,41.442
7077,43.016
7078,43.014
7079,43.011
7080,43.123
7081,42.917
7082,42.912
7083,43.116
7084,42.939
7085,42.897
7086,42.895
7087,42.954
7088,43.024
7089,43.242
7090,42.963
7091,42.911
7092,42.871
7093,43.023
7094,42.967
7095,43.104
7096,42.921
7097,42.943
7098,42.958
7099,42.937
7100,43.017
7101,43.295
7102,43.120
7103,42.951
7104,42.882
7105,43.020
7106,43.009
7107,43.033
7108,43.248
7109,42.907
7110,42.904
7111,43.041
7112,43.021
7113,43.007
7114,43.337
7115,44.309
7116,45.974
7117,45.909
7118,43.231
7119,42.941
7120,43.105
7121,42.887
7122,42.930
7123,43.112
7124,42.972
7125,42.899
7126,43.134
7127,44.752
7128,44.621
7129,43.984
7130,42.179
7131,41.399
7132,41.744
7133,41.460
7134,41.393
7135,41.458
7136,41.625
7137,41.745
7138,43.874
7139,45.515
7140,44.183
7141,44.307
7142,44.210
7143,43.417
7144,42.882
7145,43.363
7146,42.888
7147,42.859
7148,43.199
7149,42.957
7150,42.950
7151,43.243
7152,42.845
7153,42.894
7154,42.916
7155,42.903
7156,42.899
7157,43.139
7158,42.903
7159,42.867
7160,42.931
7161,42.961
7162,42.835
7163,43.209
7164,42.967
7165,42.962
7166,42.907
7167,42.988
7168,42.896
7169,43.155
7170,42.993
7171,42.878
7172,43.101
7173,42.975
7174,42.892
7175,42.839
7176,42.964
7177,43.023
7178,42.921
7179,43.103
7180,43.014
7181,42.859
7182,43.184
7183,43.417
7184,44.416
7185,42.729
7186,41.685
7187,41.585
7188,41.494
7189,41.477
7190,41.515
7191,41.680
7192,41.490
7193,41.675
7194,41.668
7195,41.442
7196,41.478
7197,41.419
7198,41.453
7199,41.379
7200,44.580
7201,45.723
7202,45.964
7203,45.792
7204,44.424
7205,44.386
7206,44.657
7207,45.151
7208,45.299
7209,45.620
7210,46.072
7211,45.773
7212,45.945
7213,44.182
7214,42.245
7215,41.798
7216,41.379
7217,41.383
7218,41.785
7219,41.548
7220,41.400
7221,41.368
7222,41.599
7223,41.392
7224,41.649
7225,41.504
7226,41.527
7227,41.528
7228,41.636
7229,41.561
7230,41.656
7231,42.086
7232,41.451
7233,41.553
7234,41.414
7235,41.506
7236,41.475
7237,41.690
7238,41.541
7239,41.604
7240,41.452
7241,41.503
7242,41.419
7243,41.730
7244,41.615
7245,41.526
7246,41.621
7247,41.620
7248,41.553
7249,41.483
7250,41.820
7251,41.765
7252,41.599
7253,41.811
7254,41.492
7255,41.448
7256,42.033
7257,41.404
7258,41.444
7259,41.445
7260,41.754
7261,41.452
7262,41.647
7263,46.038
7264,42.995
7265,43.198
7266,43.034
7267,42.965
7268,42.873
7269,41.453
7270,41.516
7271,41.699
7272,41.469
7273,41.446
7274,41.459
7275,41.758
7276,41.485
7277,41.561
7278,41.490
7279,41.568
7280,44.662
7281,46.305
7282,46.139
7283,46.088
7284,46.058
7285,46.191
7286,46.371
7287,45.391
7288,41.729
7289,41.916
7290,42.988
7291,43.002
7292,43.167
7293,43.008
7294,43.065
7295,43.110
7296,43.160
7297,43.025
7298,43.274
7299,43.077
7300,43.069
7301,42.956
7302,42.963
7303,42.929
7304,43.046
7305,43.027
7306,42.974
7307,42.892
7308,43.011
7309,42.886
7310,43.018
7311,43.116
7312,44.637
7313,43.081
7314,43.161
7315,43.304
7316,43.153
7317,42.988
7318,43.190
7319,42.833
7320,43.174
7321,43.052
7322,43.080
7323,43.040
7324,42.959
7325,42.996
7326,43.032
7327,43.143
7328,43.226
7329,42.979
7330,43.209
7331,43.126
7332,41.833
7333,41.608
7334,41.457
7335,41.627
7336,41.543
7337,41.558
7338,41.465
7339,41.488
7340,41.506
7341,41.985
7342,41.563
7343,41.568
7344,41.590
7345,41.530
7346,41.478
7347,41.676
7348,41.439
7349,41.548
7350,41.806
7351,41.551
7352,41.455
7353,41.784
7354,41.531
7355,41.620
7356,41.365
7357,41.564
7358,41.534
7359,41.575
7360,41.516
7361,41.627
7362,41.592
7363,41.417
7364,41.518
7365,41.504
7366,41.878
7367,41.450
7368,41.458
7369,41.418
7370,41.403
7371,41.408
7372,41.765
7373,41.469
7374,41.436
7375,41.857
7376,41.513
7377,41.492
7378,41.683
7379,41.445
7380,41.610
7381,41.790
7382,41.534
7383,41.428
7384,41.538
7385,41.703
7386,41.561
7387,41.697
7388,41.473
7389,41.475
7390,41.878
7391,41.551
7392,41.484
7393,41.427
7394,41.651
7395,41.515
7396,41.540
7397,41.539
7398,41.562
7399,41.511
7400,41.572
7401,41.504
7402,41.538
7403,42.259
7404,41.487
7405,41.491
7406,41.659
7407,41.431
7408,41.843
7409,42.267
7410,41.474
7411,41.496
7412,41.543
7413,41.505
7414,41.615
7415,41.793
7416,41.494
7417,41.468
7418,41.665
7419,41.465
7420,41.496
7421,41.659
7422,41.410
7423,41.591
7424,41.592
7425,41.449
7426,41.508
7427,41.750
7428,41.544
7429,41.427
7430,41.434
7431,41.524
7432,41.421
7433,41.741
7434,41.584
7435,41.419
7436,41.390
7437,41.518
7438,41.427
7439,41.553
7440,41.656
7441,41.538
7442,41.592
7443,41.833
7444,41.692
7445,41.423
7446,41.528
7447,41.494
7448,41.474
7449,41.715
7450,41.495
7451,41.571
7452,41.645
7453,41.487
7454,41.829
7455,41.533
7456,42.321
7457,41.884
7458,41.669
7459,41.440
7460,41.478
7461,41.657
7462,41.473
7463,41.455
7464,41.690
7465,41.467
7466,41.447
7467,41.548
7468,41.553
7469,41.475
7470,41.654
7471,41.426
7472,41.442
7473,41.499
7474,41.432
7475,41.438
7476,41.726
7477,41.482
7478,41.481
7479,41.443
7480,41.441
7481,41.444
7482,41.648
7483,41.353
7484,41.427
7485,43.340
7486,42.968
7487,42.933
7488,43.363
7489,42.995
7490,42.985
7491,42.930
7492,42.964
7493,42.876
7494,43.132
7495,42.988
7496,42.881
7497,42.927
7498,42.889
7499,42.837
7500,43.377
7501,42.880
7502,42.886
7503,42.895
7504,42.877
7505,42.882
7506,43.084
7507,42.904
7508,42.897
7509,42.920
7510,42.925
7511,42.864
7512,43.222
7513,42.848
7514,42.912
7515,42.915
7516,42.888
7517,42.920
7518,43.172
7519,42.909
7520,42.883
7521,42.926
7522,42.904
7523,42.900
7524,43.175
7525,42.878
7526,43.120
7527,42.934
7528,42.887
7529,42.869
7530,42.884
7531,42.812
7532,43.399
7533,42.948
7534,42.950
7535,42.914
7536,42.846
7537,42.931
7538,43.059
7539,42.929
7540,42.863
7541,43.162
7542,42.870
7543,42.899
7544,42.954
7545,42.961
7546,42.890
7547,43.125
7548,43.000
7549,42.858
7550,42.234
7551,41.423
7552,41.627
7553,41.588
7554,41.665
7555,41.424
7556,41.672
7557,41.435
7558,41.424
7559,41.720
7560,41.414
7561,41.530
7562,41.512
7563,41.418
7564,41.431
7565,41.658
7566,41.425
7567,41.451
7568,41.737
7569,41.485
7570,41.390
7571,41.614
7572,41.366
7573,41.458
7574,41.491
7575,41.421
7576,41.393
7577,41.620
7578,41.394
7579,41.459
7580,41.704
7581,41.521
7582,41.419
7583,41.617
7584,41.437
7585,41.548
7586,41.466
7587,41.496
7588,41.486
7589,42.108
7590,41.473
7591,41.479
7592,41.472
7593,41.473
7594,41.463
7595,41.650
7596,41.465
7597,41.473
7598,41.825
7599,41.444
7600,41.466
7601,41.414
7602,41.489
7603,41.449
7604,41.969
7605,41.464
7606,41.420
7607,41.599
7608,41.518
7609,41.503
7610,41.505
7611,41.634
7612,41.423
7613,41.896
7614,41.557
7615,41.562
7616,41.761
7617,41.467
7618,41.513
7619,41.730
7620,41.550
7621,41.466
7622,41.544
7623,41.753
7624,41.527
7625,42.240
7626,41.446
7627,41.459
7628,41.508
7629,41.503
7630,41.447
7631,41.684
7632,41.453
7633,41.458
7634,41.434
7635,41.414
7636,41.435
7637,42.003
7638,41.498
7639,41.526
7640,41.524
7641,41.509
7642,41.581
7643,41.714
7644,41.419
7645,41.527
7646,41.703
7647,41.687
7648,41.729
7649,41.748
7650,41.713
7651,41.592
7652,42.431
7653,41.541
7654,41.500
7655,41.548
7656,41.592
7657,41.564
7658,41.811
7659,41.473
7660,41.473
7661,41.726
7662,41.536
7663,41.551
7664,41.681
7665,41.603
7666,41.454
7667,41.589
7668,41.506
7669,41.559
7670,41.704
7671,41.550
7672,41.638
7673,41.574
7674,42.332
7675,41.591
7676,41.637
7677,41.548
7678,41.585
7679,41.382
7680,41.515
7681,41.723
7682,41.461
7683,41.431
7684,41.403
7685,41.418
7686,41.498
7687,41.700
7688,41.491
7689,41.497
7690,41.547
7691,41.403
7692,41.482
7693,41.939
7694,41.571
7695,41.495
7696,41.721
7697,41.469
7698,41.501
7699,41.431
7700,41.452
7701,41.485
7702,41.946
7703,41.480
7704,41.431
7705,41.599
7706,41.463
7707,41.478
7708,41.939
7709,41.696
7710,41.420
7711,41.486
7712,41.507
7713,41.563
7714,41.895
7715,41.422
7716,41.476
7717,41.474
7718,41.421
7719,41.444
7720,41.724
7721,41.513
7722,41.602
7723,41.421
7724,41.457
7725,41.595
7726,41.904
7727,41.471
7728,41.539
7729,41.881
7730,41.653
7731,41.498
7732,41.639
7733,41.465
7734,41.473
7735,41.435
7736,41.542
7737,41.541
7738,41.672
7739,41.487
7740,41.536
7741,41.517
7742,41.418
7743,41.665
7744,41.554
7745,41.520
7746,41.566
7747,41.499
7748,41.441
7749,42.042
7750,42.363
7751,43.099
7752,44.061
7753,43.100
7754,43.053
7755,44.273
7756,43.287
7757,44.610
7758,43.616
7759,43.184
7760,43.031
7761,42.925
7762,42.910
7763,42.885
7764,42.891
7765,41.539
7766,42.153
7767,41.538
7768,41.511
7769,41.535
7770,41.502
7771,41.488
7772,41.927
7773,41.497
7774,41.476
7775,41.715
7776,41.508
7777,41.503
7778,41.509
7779,41.455
7780,41.475
7781,42.078
7782,41.463
7783,41.496
7784,41.698
7785,41.547
7786,41.466
7787,41.597
7788,41.431
7789,41.545
7790,41.747
7791,41.478
7792,41.465
7793,41.410
7794,41.459
7795,41.644
7796,41.447
7797,41.531
7798,41.441
7799,41.710
7800,41.534
7801,41.879
7802,41.478
7803,41.458
7804,41.747
7805,41.578
7806,41.576
7807,41.626
7808,41.413
7809,41.515
7810,41.754
7811,41.431
7812,41.409
7813,41.496
7814,41.533
7815,41.488
7816,41.727
7817,41.559
7818,41.552
7819,41.522
7820,41.441
7821,41.474
7822,42.042
7823,41.402
7824,41.374
7825,41.436
7826,41.516
7827,41.588
7828,41.488
7829,41.420
7830,41.438
7831,41.441
7832,41.455
7833,41.787
7834,41.540
7835,41.493
7836,41.712
7837,41.447
7838,41.458
7839,43.053
7840,41.486
7841,41.498
7842,41.564
7843,41.448
7844,41.443
7845,41.738
7846,41.457
7847,41.478
7848,41.383
7849,41.456
7850,41.865
7851,42.257
7852,41.551
7853,42.750
7854,42.512
7855,41.783
7856,41.683
7857,41.829
7858,41.629
7859,41.513
7860,41.562
7861,41.695
7862,42.641
7863,41.552
7864,41.501
7865,41.629
7866,41.570
7867,41.443
7868,41.456
7869,41.592
7870,41.412
7871,42.045
7872,41.485
7873,41.411
7874,41.675
7875,41.397
7876,41.664
7877,41.410
7878,41.462
7879,41.632
7880,41.965
7881,41.509
7882,41.603
7883,41.535
7884,41.501
7885,41.711
7886,41.500
7887,41.520
7888,41.559
7889,41.463
7890,41.605
7891,41.721
7892,41.593
7893,41.485
7894,41.401
7895,41.461
7896,41.427
7897,42.074
7898,41.514
7899,41.575
7900,41.549
7901,41.533
7902,41.573
7903,41.774
7904,41.535
7905,42.285
7906,41.520
7907,41.473
7908,41.405
7909,41.632
7910,41.397
7911,41.640
7912,41.465
7913,41.497
7914,41.685
7915,41.441
7916,41.442
7917,41.552
7918,41.532
7919,41.557
7920,42.425
7921,41.539
7922,41.452
7923,41.717
7924,41.525
7925,41.612
7926,41.536
7927,41.502
7928,41.777
7929,41.710
7930,41.438
7931,41.666
7932,41.526
7933,41.399
7934,41.802
7935,41.399
7936,41.598
7937,42.423
7938,41.500
7939,41.598
7940,41.727
7941,41.437
7942,41.571
7943,44.283
7944,47.146
7945,47.218
7946,47.199
7947,47.252
7948,47.634
7949,47.152
7950,47.194
7951,47.193
7952,47.299
7953,47.642
7954,47.310
7955,47.221
7956,47.178
7957,47.191
7958,47.800
7959,47.227
7960,46.448
7961,44.495
7962,44.463
7963,44.459
7964,44.408
7965,44.479
7966,45.247
7967,44.450
7968,44.814
7969,44.812
7970,44.605
7971,44.845
7972,44.457
7973,44.464
7974,44.419
7975,43.760
7976,41.683
7977,41.639
7978,41.655
7979,41.516
7980,41.524
7981,41.488
7982,41.920
7983,41.803
7984,41.860
7985,41.574
7986,41.531
7987,41.456
7988,41.770
7989,41.574
7990,41.581
7991,41.515
7992,41.430
7993,41.667
7994,41.629
7995,41.450
7996,41.871
7997,41.638
7998,41.524
7999,42.305
8000,42.897
8001,43.026
8002,43.047
8003,42.859
8004,42.850
8005,43.144
8006,42.928
8007,43.146
8008,42.185
8009,41.464
8010,41.535
8011,41.538
8012,41.425
8013,41.775
8014,41.500
8015,41.386
8016,41.665
8017,42.738
8018,42.013
8019,41.586
8020,41.613
8021,41.612
8022,41.744
8023,41.456
8024,41.418
8025,41.511
8026,41.474
8027,41.961
8028,41.543
8029,41.416
8030,41.536
8031,41.369
8032,41.494
8033,41.682
8034,41.442
8035,41.504
8036,41.715
8037,41.589
8038,41.495
8039,43.088
8040,42.969
8041,42.877
8042,42.963
8043,43.027
8044,43.328
8045,43.004
8046,42.981
8047,44.244
8048,43.199
8049,44.094
8050,42.926
8051,42.258
8052,42.237
8053,41.439
8054,41.487
8055,41.652
8056,41.856
8057,41.496
8058,41.407
8059,41.384
8060,42.181
8061,43.152
8062,42.225
8063,41.392
8064,41.443
8065,41.948
8066,42.287
8067,42.015
8068,42.801
8069,42.228
8070,42.172
8071,42.048
8072,41.965
8073,41.436
8074,41.454
8075,41.513
8076,41.503
8077,41.607
8078,41.656
8079,41.441
8080,41.501
8081,41.485
8082,41.463
8083,42.005
8084,41.536
8085,41.456
8086,41.413
8087,41.417
8088,41.442
8089,41.649
8090,41.497
8091,41.456
8092,41.458
8093,41.422
8094,41.904
8095,41.545
8096,41.518
8097,41.751
8098,41.446
8099,41.455
8100,41.473
8101,41.497
8102,41.470
8103,41.796
8104,41.466
8105,41.510
8106,41.562
8107,41.509
8108,41.455
8109,41.489
8110,41.402
8111,42.127
8112,41.455
8113,41.459
8114,41.553
8115,41.499
8116,41.355
8117,41.690
8118,41.375
8119,41.535
8120,41.508
8121,41.432
8122,42.201
8123,41.486
8124,41.471
8125,41.801
8126,41.506
8127,41.408
8128,41.422
8129,41.465
8130,41.452
8131,42.107
8132,41.474
8133,41.540
8134,41.507
8135,41.453
8136,41.488
8137,41.706
8138,41.527
8139,42.080
8140,41.448
8141,41.410
8142,41.437
8143,41.478
8144,41.449
8145,41.714
8146,41.414
8147,41.417
8148,41.516
8149,41.408
8150,41.733
8151,41.496
8152,41.511
8153,41.468
8154,41.459
8155,41.424
8156,41.736
8157,41.501
8158,41.492
8159,41.453
8160,41.478
8161,41.758
8162,41.570
8163,41.399
8164,41.714
8165,41.647
8166,41.745
8167,41.474
8168,41.491
8169,41.608
8170,41.860
8171,41.453
8172,41.469
8173,43.189
8174,42.977
8175,44.087
8176,43.036
8177,43.084
8178,43.456
8179,43.023
8180,43.011
8181,42.969
8182,43.091
8183,43.389
8184,42.249
8185,41.440
8186,41.703
8187,41.527
8188,41.444
8189,41.783
8190,41.568
8191,41.502
8192,41.539
